,Range,Y_Pred_complex,Y_Pred_apo,Y_Pred_diff,Batch
0,348-361,0.28479843200000005,0.231077058,0.053721374000000044,FOLD_1203_WUHAN_ICOHU104_SEED10_MODEL_4
1,351-361,0.33140734266666666,0.27817576466666666,0.053231578,FOLD_1203_WUHAN_ICOHU104_SEED10_MODEL_4
2,369-374,0.3952102853333333,0.43451756266666663,-0.039307277333333335,FOLD_1203_WUHAN_ICOHU104_SEED10_MODEL_4
3,375-387,0.28081896733333334,0.31602046333333333,-0.035201496,FOLD_1203_WUHAN_ICOHU104_SEED10_MODEL_4
4,388-392,0.29479582,0.29366960733333336,0.0011262126666666261,FOLD_1203_WUHAN_ICOHU104_SEED10_MODEL_4
5,392-399,0.20724262733333332,0.17383035733333332,0.033412269999999994,FOLD_1203_WUHAN_ICOHU104_SEED10_MODEL_4
6,393-399,0.2131065126666667,0.18241828599999999,0.030688226666666707,FOLD_1203_WUHAN_ICOHU104_SEED10_MODEL_4
7,393-400,0.22773301333333332,0.17348363093333333,0.05424938239999999,FOLD_1203_WUHAN_ICOHU104_SEED10_MODEL_4
8,396-400,0.28346234,0.22457312799999998,0.058889211999999996,FOLD_1203_WUHAN_ICOHU104_SEED10_MODEL_4
9,396-409,0.16206644066666667,0.15257800166666666,0.009488439000000015,FOLD_1203_WUHAN_ICOHU104_SEED10_MODEL_4
10,407-420,0.17120630906666667,0.20707116293333336,-0.035864853866666685,FOLD_1203_WUHAN_ICOHU104_SEED10_MODEL_4
11,407-421,0.16118912533333332,0.19443000973333333,-0.033240884400000004,FOLD_1203_WUHAN_ICOHU104_SEED10_MODEL_4
12,407-422,0.16250740466666666,0.19023634166666667,-0.02772893700000001,FOLD_1203_WUHAN_ICOHU104_SEED10_MODEL_4
13,423-428,0.218021506,0.24910664999999999,-0.03108514399999998,FOLD_1203_WUHAN_ICOHU104_SEED10_MODEL_4
14,424-442,0.11190103533333333,0.16579698433333334,-0.05389594900000001,FOLD_1203_WUHAN_ICOHU104_SEED10_MODEL_4
15,432-448,0.24884062199999998,0.2937715326666667,-0.04493091066666674,FOLD_1203_WUHAN_ICOHU104_SEED10_MODEL_4
16,432-449,0.24810335000000003,0.2923322606666667,-0.04422891066666665,FOLD_1203_WUHAN_ICOHU104_SEED10_MODEL_4
17,436-441,0.33515724666666663,0.3535814206666667,-0.01842417400000007,FOLD_1203_WUHAN_ICOHU104_SEED10_MODEL_4
18,437-441,0.35156667933333335,0.355621166,-0.004054486666666635,FOLD_1203_WUHAN_ICOHU104_SEED10_MODEL_4
19,453-467,0.1637019224,0.176766899,-0.0130649766,FOLD_1203_WUHAN_ICOHU104_SEED10_MODEL_4
20,456-467,0.223185242,0.22996208333333334,-0.006776841333333339,FOLD_1203_WUHAN_ICOHU104_SEED10_MODEL_4
21,456-469,0.2557874133333334,0.267315308,-0.011527894666666594,FOLD_1203_WUHAN_ICOHU104_SEED10_MODEL_4
22,456-470,0.25909383533333336,0.27508268733333335,-0.015988851999999998,FOLD_1203_WUHAN_ICOHU104_SEED10_MODEL_4
23,456-472,0.31038934999999995,0.31334630133333335,-0.002956951333333402,FOLD_1203_WUHAN_ICOHU104_SEED10_MODEL_4
24,470-486,0.6037289046666666,0.6186029413333333,-0.014874036666666646,FOLD_1203_WUHAN_ICOHU104_SEED10_MODEL_4
25,471-486,0.58373579,0.6004964140000001,-0.016760624000000113,FOLD_1203_WUHAN_ICOHU104_SEED10_MODEL_4
26,471-487,0.583735782,0.6004964033333333,-0.016760621333333336,FOLD_1203_WUHAN_ICOHU104_SEED10_MODEL_4
27,472-486,0.5872737573333333,0.6027495986666667,-0.015475841333333351,FOLD_1203_WUHAN_ICOHU104_SEED10_MODEL_4
28,472-487,0.5872737653333333,0.6027495866666667,-0.015475821333333362,FOLD_1203_WUHAN_ICOHU104_SEED10_MODEL_4
29,487-494,0.4918216833333333,0.5478990326666667,-0.056077349333333415,FOLD_1203_WUHAN_ICOHU104_SEED10_MODEL_4
30,487-502,0.522707876,0.607361614,-0.08465373799999998,FOLD_1203_WUHAN_ICOHU104_SEED10_MODEL_4
31,488-494,0.4769687906666667,0.5305848320000001,-0.053616041333333364,FOLD_1203_WUHAN_ICOHU104_SEED10_MODEL_4
32,488-502,0.5078271213333333,0.5905294446666667,-0.08270232333333338,FOLD_1203_WUHAN_ICOHU104_SEED10_MODEL_4
33,490-494,0.3913650533333333,0.42176151933333333,-0.03039646600000001,FOLD_1203_WUHAN_ICOHU104_SEED10_MODEL_4
34,491-510,0.18815393266666666,0.25136173466666667,-0.06320780200000001,FOLD_1203_WUHAN_ICOHU104_SEED10_MODEL_4
35,495-510,0.264245606,0.311787588,-0.04754198199999998,FOLD_1203_WUHAN_ICOHU104_SEED10_MODEL_4
36,495-512,0.18571437359999998,0.25097726400000003,-0.06526289040000005,FOLD_1203_WUHAN_ICOHU104_SEED10_MODEL_4
37,495-513,0.17916389833333332,0.241634358,-0.06247045966666667,FOLD_1203_WUHAN_ICOHU104_SEED10_MODEL_4
38,496-510,0.24525061866666667,0.29287819666666665,-0.047627577999999976,FOLD_1203_WUHAN_ICOHU104_SEED10_MODEL_4
39,496-512,0.17061688066666666,0.23748553333333333,-0.06686865266666667,FOLD_1203_WUHAN_ICOHU104_SEED10_MODEL_4
40,496-513,0.16498972973333334,0.2280792673333333,-0.06308953759999997,FOLD_1203_WUHAN_ICOHU104_SEED10_MODEL_4
41,497-510,0.214412356,0.2609157306666667,-0.04650337466666668,FOLD_1203_WUHAN_ICOHU104_SEED10_MODEL_4
42,497-512,0.1470713304,0.21084305933333333,-0.06377172893333333,FOLD_1203_WUHAN_ICOHU104_SEED10_MODEL_4
43,497-513,0.14212112340000002,0.20067822733333332,-0.0585571039333333,FOLD_1203_WUHAN_ICOHU104_SEED10_MODEL_4
44,511-515,0.24082836866666668,0.2823255546666667,-0.04149718600000002,FOLD_1203_WUHAN_ICOHU104_SEED10_MODEL_4
45,514-533,0.227776518,0.30147848266666666,-0.07370196466666665,FOLD_1203_WUHAN_ICOHU104_SEED10_MODEL_4
46,515-533,0.25683851933333335,0.32864462999999994,-0.07180611066666659,FOLD_1203_WUHAN_ICOHU104_SEED10_MODEL_4
47,516-533,0.28956781800000003,0.36504141733333334,-0.07547359933333331,FOLD_1203_WUHAN_ICOHU104_SEED10_MODEL_4
