Batch_complex,Chain_complex,Y_True_complex,Y_Pred_short_complex,Y_Pred_middle_complex,Y_Pred_long_complex,Batch_rec,Chain_rec,Y_True_rec,Y_Pred_short_rec,Y_Pred_middle_rec,Y_Pred_long_rec,Y_Pred_middle_diff
FOLD_1203_WUHAN_ICOHU104_SEED10_MODEL_4,1,0.0,0.17676418,0.285097902,0.43355802,FOLD_1203_WUHAN_ICOHU104_REC_SEED10_MODEL_4,0,0.0,0.13114587279999998,0.22227846599999998,0.381561306,0.06281943600000003
FOLD_1203_WUHAN_ICOHU104_SEED10_MODEL_4,1,0.0,0.17676418,0.285097902,0.43355802,FOLD_1203_WUHAN_ICOHU104_REC_SEED10_MODEL_4,1,0.0,0.148482,0.248796624,0.40716293400000003,0.03630127800000002
FOLD_1203_WUHAN_ICOHU104_SEED10_MODEL_4,1,0.0,0.17676418,0.285097902,0.43355802,FOLD_1203_WUHAN_ICOHU104_REC_SEED10_MODEL_4,2,0.0,0.128204855,0.222156084,0.38898990600000005,0.06294181800000001
FOLD_1203_WUHAN_ICOHU104_SEED10_MODEL_4,1,0.0,0.223263524,0.346939474,0.484933792,FOLD_1203_WUHAN_ICOHU104_REC_SEED10_MODEL_4,0,0.0,0.157039676,0.266496418,0.42959363,0.08044305600000001
FOLD_1203_WUHAN_ICOHU104_SEED10_MODEL_4,1,0.0,0.223263524,0.346939474,0.484933792,FOLD_1203_WUHAN_ICOHU104_REC_SEED10_MODEL_4,1,0.0,0.18554896599999998,0.30251904,0.45344206600000003,0.04442043400000001
FOLD_1203_WUHAN_ICOHU104_SEED10_MODEL_4,1,0.0,0.223263524,0.346939474,0.484933792,FOLD_1203_WUHAN_ICOHU104_REC_SEED10_MODEL_4,2,0.0,0.15426852200000002,0.265511836,0.43288507000000004,0.08142763800000002
FOLD_1203_WUHAN_ICOHU104_SEED10_MODEL_4,1,0.0,0.252025976,0.372009436,0.47943715400000003,FOLD_1203_WUHAN_ICOHU104_REC_SEED10_MODEL_4,0,0.0,0.27644255,0.42288901799999995,0.5482133379999999,-0.05087958199999992
FOLD_1203_WUHAN_ICOHU104_SEED10_MODEL_4,1,0.0,0.252025976,0.372009436,0.47943715400000003,FOLD_1203_WUHAN_ICOHU104_REC_SEED10_MODEL_4,1,0.0,0.288326444,0.434354074,0.547180738,-0.06234463799999995
FOLD_1203_WUHAN_ICOHU104_SEED10_MODEL_4,1,0.0,0.252025976,0.372009436,0.47943715400000003,FOLD_1203_WUHAN_ICOHU104_REC_SEED10_MODEL_4,2,0.0,0.300404546,0.446309596,0.551135226,-0.07430015999999995
FOLD_1203_WUHAN_ICOHU104_SEED10_MODEL_4,1,0.0,0.160384176,0.258235848,0.388713162,FOLD_1203_WUHAN_ICOHU104_REC_SEED10_MODEL_4,0,0.0,0.22607181,0.331913244,0.477130878,-0.073677396
FOLD_1203_WUHAN_ICOHU104_SEED10_MODEL_4,1,0.0,0.160384176,0.258235848,0.388713162,FOLD_1203_WUHAN_ICOHU104_REC_SEED10_MODEL_4,1,0.0,0.21505409800000003,0.31840914800000003,0.41794354599999994,-0.06017330000000004
FOLD_1203_WUHAN_ICOHU104_SEED10_MODEL_4,1,0.0,0.160384176,0.258235848,0.388713162,FOLD_1203_WUHAN_ICOHU104_REC_SEED10_MODEL_4,2,0.0,0.192288314,0.297738998,0.43840106599999995,-0.03950314999999999
FOLD_1203_WUHAN_ICOHU104_SEED10_MODEL_4,1,0.0,0.154521588,0.25041596,0.383165116,FOLD_1203_WUHAN_ICOHU104_REC_SEED10_MODEL_4,0,0.0,0.213313344,0.306830744,0.477971884,-0.056414783999999996
FOLD_1203_WUHAN_ICOHU104_SEED10_MODEL_4,1,0.0,0.154521588,0.25041596,0.383165116,FOLD_1203_WUHAN_ICOHU104_REC_SEED10_MODEL_4,1,0.0,0.19844592,0.295842182,0.43470618200000005,-0.045426222000000016
FOLD_1203_WUHAN_ICOHU104_SEED10_MODEL_4,1,0.0,0.154521588,0.25041596,0.383165116,FOLD_1203_WUHAN_ICOHU104_REC_SEED10_MODEL_4,2,0.0,0.167272626,0.278335896,0.450081738,-0.027919936000000034
FOLD_1203_WUHAN_ICOHU104_SEED10_MODEL_4,1,0.0,0.1189099128,0.18438434799999998,0.267918152,FOLD_1203_WUHAN_ICOHU104_REC_SEED10_MODEL_4,0,0.0,0.092138144,0.15135035000000002,0.262711862,0.03303399799999995
FOLD_1203_WUHAN_ICOHU104_SEED10_MODEL_4,1,0.0,0.1189099128,0.18438434799999998,0.267918152,FOLD_1203_WUHAN_ICOHU104_REC_SEED10_MODEL_4,1,0.0,0.090635245,0.14521243,0.22968756799999998,0.03917191799999997
FOLD_1203_WUHAN_ICOHU104_SEED10_MODEL_4,1,0.0,0.1189099128,0.18438434799999998,0.267918152,FOLD_1203_WUHAN_ICOHU104_REC_SEED10_MODEL_4,2,0.0,0.1426683792,0.22492829199999997,0.336442428,-0.040543944
FOLD_1203_WUHAN_ICOHU104_SEED10_MODEL_4,1,0.0,0.145470186,0.21419367,0.29742629,FOLD_1203_WUHAN_ICOHU104_REC_SEED10_MODEL_4,0,0.0,0.097321967,0.157388474,0.26224674600000003,0.056805196
FOLD_1203_WUHAN_ICOHU104_SEED10_MODEL_4,1,0.0,0.145470186,0.21419367,0.29742629,FOLD_1203_WUHAN_ICOHU104_REC_SEED10_MODEL_4,1,0.0,0.09178845799999999,0.144697308,0.222476744,0.069496362
FOLD_1203_WUHAN_ICOHU104_SEED10_MODEL_4,1,0.0,0.145470186,0.21419367,0.29742629,FOLD_1203_WUHAN_ICOHU104_REC_SEED10_MODEL_4,2,0.0,0.1669504,0.24516907599999999,0.35467833,-0.030975405999999983
FOLD_1203_WUHAN_ICOHU104_SEED10_MODEL_4,1,0.0,0.15026717,0.220703278,0.309580572,FOLD_1203_WUHAN_ICOHU104_REC_SEED10_MODEL_4,0,0.0,0.1010310762,0.16162006,0.26645198,0.05908321799999999
FOLD_1203_WUHAN_ICOHU104_SEED10_MODEL_4,1,0.0,0.15026717,0.220703278,0.309580572,FOLD_1203_WUHAN_ICOHU104_REC_SEED10_MODEL_4,1,0.0,0.093820576,0.1438289008,0.218263432,0.07687437720000001
FOLD_1203_WUHAN_ICOHU104_SEED10_MODEL_4,1,0.0,0.15026717,0.220703278,0.309580572,FOLD_1203_WUHAN_ICOHU104_REC_SEED10_MODEL_4,2,0.0,0.14317472199999998,0.215001932,0.325842884,0.005701345999999996
FOLD_1203_WUHAN_ICOHU104_SEED10_MODEL_4,1,0.0,0.203455926,0.282421696,0.372492928,FOLD_1203_WUHAN_ICOHU104_REC_SEED10_MODEL_4,0,0.0,0.126066361,0.20366651600000002,0.328819786,0.07875517999999998
FOLD_1203_WUHAN_ICOHU104_SEED10_MODEL_4,1,0.0,0.203455926,0.282421696,0.372492928,FOLD_1203_WUHAN_ICOHU104_REC_SEED10_MODEL_4,1,0.0,0.1287020828,0.19829106400000002,0.296384898,0.08413063199999998
FOLD_1203_WUHAN_ICOHU104_SEED10_MODEL_4,1,0.0,0.203455926,0.282421696,0.372492928,FOLD_1203_WUHAN_ICOHU104_REC_SEED10_MODEL_4,2,0.0,0.181244154,0.271761804,0.395857978,0.010659892000000004
FOLD_1203_WUHAN_ICOHU104_SEED10_MODEL_4,1,0.0,0.101695523,0.19331249,0.27219775,FOLD_1203_WUHAN_ICOHU104_REC_SEED10_MODEL_4,0,0.0,0.0708004064,0.139430253,0.242388098,0.053882237
FOLD_1203_WUHAN_ICOHU104_SEED10_MODEL_4,1,0.0,0.101695523,0.19331249,0.27219775,FOLD_1203_WUHAN_ICOHU104_REC_SEED10_MODEL_4,1,0.0,0.0716979064,0.1370026,0.21909313199999997,0.05630989
FOLD_1203_WUHAN_ICOHU104_SEED10_MODEL_4,1,0.0,0.101695523,0.19331249,0.27219775,FOLD_1203_WUHAN_ICOHU104_REC_SEED10_MODEL_4,2,0.0,0.0908146518,0.181301152,0.31354497800000003,0.01201133800000001
FOLD_1203_WUHAN_ICOHU104_SEED10_MODEL_4,1,0.0,0.073697053,0.180885124,0.329695514,FOLD_1203_WUHAN_ICOHU104_REC_SEED10_MODEL_4,0,0.0,0.0874314972,0.20429926800000003,0.41571694800000003,-0.023414144000000026
FOLD_1203_WUHAN_ICOHU104_SEED10_MODEL_4,1,0.0,0.073697053,0.180885124,0.329695514,FOLD_1203_WUHAN_ICOHU104_REC_SEED10_MODEL_4,1,0.0,0.0947271828,0.2043574548,0.37716880399999997,-0.023472330799999996
FOLD_1203_WUHAN_ICOHU104_SEED10_MODEL_4,1,0.0,0.073697053,0.180885124,0.329695514,FOLD_1203_WUHAN_ICOHU104_REC_SEED10_MODEL_4,2,0.0,0.0916254248,0.21255676599999998,0.42440276800000004,-0.03167164199999997
FOLD_1203_WUHAN_ICOHU104_SEED10_MODEL_4,1,0.0,0.06988500680000001,0.172235038,0.308846942,FOLD_1203_WUHAN_ICOHU104_REC_SEED10_MODEL_4,0,0.0,0.080715298,0.1910851572,0.39078013599999994,-0.018850119199999987
FOLD_1203_WUHAN_ICOHU104_SEED10_MODEL_4,1,0.0,0.06988500680000001,0.172235038,0.308846942,FOLD_1203_WUHAN_ICOHU104_REC_SEED10_MODEL_4,1,0.0,0.089066287,0.194492228,0.35914188999999996,-0.022257189999999982
FOLD_1203_WUHAN_ICOHU104_SEED10_MODEL_4,1,0.0,0.06988500680000001,0.172235038,0.308846942,FOLD_1203_WUHAN_ICOHU104_REC_SEED10_MODEL_4,2,0.0,0.0835105926,0.197712644,0.40117239600000004,-0.025477605999999986
FOLD_1203_WUHAN_ICOHU104_SEED10_MODEL_4,1,0.0,0.06377415,0.168559508,0.312763012,FOLD_1203_WUHAN_ICOHU104_REC_SEED10_MODEL_4,0,0.0,0.0728658602,0.186150481,0.39774539400000003,-0.01759097300000001
FOLD_1203_WUHAN_ICOHU104_SEED10_MODEL_4,1,0.0,0.06377415,0.168559508,0.312763012,FOLD_1203_WUHAN_ICOHU104_REC_SEED10_MODEL_4,1,0.0,0.0821005588,0.19148642600000002,0.367234002,-0.02292691800000002
FOLD_1203_WUHAN_ICOHU104_SEED10_MODEL_4,1,0.0,0.06377415,0.168559508,0.312763012,FOLD_1203_WUHAN_ICOHU104_REC_SEED10_MODEL_4,2,0.0,0.076006821,0.193072118,0.40828384399999995,-0.02451260999999999
FOLD_1203_WUHAN_ICOHU104_SEED10_MODEL_4,1,0.0,0.09473348000000001,0.209743046,0.415976038,FOLD_1203_WUHAN_ICOHU104_REC_SEED10_MODEL_4,0,0.0,0.122093229,0.25888184999999997,0.5178182060000001,-0.04913880399999998
FOLD_1203_WUHAN_ICOHU104_SEED10_MODEL_4,1,0.0,0.09473348000000001,0.209743046,0.415976038,FOLD_1203_WUHAN_ICOHU104_REC_SEED10_MODEL_4,1,0.0,0.1133832728,0.23925746399999998,0.489327634,-0.029514417999999987
FOLD_1203_WUHAN_ICOHU104_SEED10_MODEL_4,1,0.0,0.09473348000000001,0.209743046,0.415976038,FOLD_1203_WUHAN_ICOHU104_REC_SEED10_MODEL_4,2,0.0,0.118235935,0.249180636,0.5171612839999999,-0.03943759000000002
FOLD_1203_WUHAN_ICOHU104_SEED10_MODEL_4,1,0.0,0.0339856058,0.09592035299999999,0.231104667,FOLD_1203_WUHAN_ICOHU104_REC_SEED10_MODEL_4,0,0.0,0.0695534118,0.186793936,0.43888269199999996,-0.09087358300000001
FOLD_1203_WUHAN_ICOHU104_SEED10_MODEL_4,1,0.0,0.0339856058,0.09592035299999999,0.231104667,FOLD_1203_WUHAN_ICOHU104_REC_SEED10_MODEL_4,1,0.0,0.060688666599999996,0.15499479,0.37067122399999997,-0.05907443700000001
FOLD_1203_WUHAN_ICOHU104_SEED10_MODEL_4,1,0.0,0.0339856058,0.09592035299999999,0.231104667,FOLD_1203_WUHAN_ICOHU104_REC_SEED10_MODEL_4,2,0.0,0.055539983800000005,0.155602227,0.412365842,-0.059681874000000024
FOLD_1203_WUHAN_ICOHU104_SEED10_MODEL_4,1,0.0,0.1250142692,0.223805896,0.32116699,FOLD_1203_WUHAN_ICOHU104_REC_SEED10_MODEL_4,0,0.0,0.183079912,0.30538761000000003,0.446623708,-0.08158171400000003
FOLD_1203_WUHAN_ICOHU104_SEED10_MODEL_4,1,0.0,0.1250142692,0.223805896,0.32116699,FOLD_1203_WUHAN_ICOHU104_REC_SEED10_MODEL_4,1,0.0,0.179328018,0.311770292,0.441930944,-0.087964396
FOLD_1203_WUHAN_ICOHU104_SEED10_MODEL_4,1,0.0,0.1250142692,0.223805896,0.32116699,FOLD_1203_WUHAN_ICOHU104_REC_SEED10_MODEL_4,2,0.0,0.157481314,0.264156696,0.387675806,-0.04035080000000002
FOLD_1203_WUHAN_ICOHU104_SEED10_MODEL_4,1,0.0,0.12322984480000002,0.22245960999999997,0.323986412,FOLD_1203_WUHAN_ICOHU104_REC_SEED10_MODEL_4,0,0.0,0.181760964,0.303818498,0.449746984,-0.08135888800000002
FOLD_1203_WUHAN_ICOHU104_SEED10_MODEL_4,1,0.0,0.12322984480000002,0.22245960999999997,0.323986412,FOLD_1203_WUHAN_ICOHU104_REC_SEED10_MODEL_4,1,0.0,0.17619725800000002,0.309208988,0.44508196,-0.08674937800000004
FOLD_1203_WUHAN_ICOHU104_SEED10_MODEL_4,1,0.0,0.12322984480000002,0.22245960999999997,0.323986412,FOLD_1203_WUHAN_ICOHU104_REC_SEED10_MODEL_4,2,0.0,0.15579144220000002,0.26396929599999996,0.394505654,-0.04150968599999999
FOLD_1203_WUHAN_ICOHU104_SEED10_MODEL_4,1,0.0,0.186626346,0.324114916,0.46527238000000004,FOLD_1203_WUHAN_ICOHU104_REC_SEED10_MODEL_4,0,0.0,0.224112532,0.377052302,0.531414364,-0.05293738600000003
FOLD_1203_WUHAN_ICOHU104_SEED10_MODEL_4,1,0.0,0.186626346,0.324114916,0.46527238000000004,FOLD_1203_WUHAN_ICOHU104_REC_SEED10_MODEL_4,1,0.0,0.20172802399999998,0.347789742,0.5010665519999999,-0.023674826000000038
FOLD_1203_WUHAN_ICOHU104_SEED10_MODEL_4,1,0.0,0.186626346,0.324114916,0.46527238000000004,FOLD_1203_WUHAN_ICOHU104_REC_SEED10_MODEL_4,2,0.0,0.19125724,0.33590221800000003,0.495907306,-0.011787302000000055
FOLD_1203_WUHAN_ICOHU104_SEED10_MODEL_4,1,0.0,0.207990426,0.35108871,0.49771902,FOLD_1203_WUHAN_ICOHU104_REC_SEED10_MODEL_4,0,0.0,0.235529482,0.379200866,0.528958642,-0.028112156
FOLD_1203_WUHAN_ICOHU104_SEED10_MODEL_4,1,0.0,0.207990426,0.35108871,0.49771902,FOLD_1203_WUHAN_ICOHU104_REC_SEED10_MODEL_4,1,0.0,0.213333104,0.35495788,0.508064054,-0.0038691699999999773
FOLD_1203_WUHAN_ICOHU104_SEED10_MODEL_4,1,0.0,0.207990426,0.35108871,0.49771902,FOLD_1203_WUHAN_ICOHU104_REC_SEED10_MODEL_4,2,0.0,0.195752872,0.332704752,0.491513134,0.018383958000000034
FOLD_1203_WUHAN_ICOHU104_SEED10_MODEL_4,1,0.0,0.061057342,0.1416807832,0.28803259800000003,FOLD_1203_WUHAN_ICOHU104_REC_SEED10_MODEL_4,0,0.0,0.07306093799999999,0.16812902400000002,0.363283842,-0.026448240800000022
FOLD_1203_WUHAN_ICOHU104_SEED10_MODEL_4,1,0.0,0.061057342,0.1416807832,0.28803259800000003,FOLD_1203_WUHAN_ICOHU104_REC_SEED10_MODEL_4,1,0.0,0.07733689,0.170143697,0.362762884,-0.028462913800000017
FOLD_1203_WUHAN_ICOHU104_SEED10_MODEL_4,1,0.0,0.061057342,0.1416807832,0.28803259800000003,FOLD_1203_WUHAN_ICOHU104_REC_SEED10_MODEL_4,2,0.0,0.0891809106,0.19202797600000002,0.40769800400000006,-0.050347192800000024
FOLD_1203_WUHAN_ICOHU104_SEED10_MODEL_4,1,0.0,0.09567213599999999,0.201310988,0.372909528,FOLD_1203_WUHAN_ICOHU104_REC_SEED10_MODEL_4,0,0.0,0.1042416898,0.224001222,0.433944402,-0.022690234000000004
FOLD_1203_WUHAN_ICOHU104_SEED10_MODEL_4,1,0.0,0.09567213599999999,0.201310988,0.372909528,FOLD_1203_WUHAN_ICOHU104_REC_SEED10_MODEL_4,1,0.0,0.106658585,0.217176512,0.42056853600000005,-0.015865523999999992
FOLD_1203_WUHAN_ICOHU104_SEED10_MODEL_4,1,0.0,0.09567213599999999,0.201310988,0.372909528,FOLD_1203_WUHAN_ICOHU104_REC_SEED10_MODEL_4,2,0.0,0.1224770288,0.248708516,0.48185822,-0.047397527999999994
FOLD_1203_WUHAN_ICOHU104_SEED10_MODEL_4,1,0.0,0.0983216858,0.19990156200000003,0.35216644399999997,FOLD_1203_WUHAN_ICOHU104_REC_SEED10_MODEL_4,0,0.0,0.11942783799999998,0.246555026,0.449467016,-0.04665346399999998
FOLD_1203_WUHAN_ICOHU104_SEED10_MODEL_4,1,0.0,0.0983216858,0.19990156200000003,0.35216644399999997,FOLD_1203_WUHAN_ICOHU104_REC_SEED10_MODEL_4,1,0.0,0.11933279079999999,0.23567164,0.42844068799999996,-0.035770077999999955
FOLD_1203_WUHAN_ICOHU104_SEED10_MODEL_4,1,0.0,0.0983216858,0.19990156200000003,0.35216644399999997,FOLD_1203_WUHAN_ICOHU104_REC_SEED10_MODEL_4,2,0.0,0.15751911600000001,0.319719258,0.554523572,-0.11981769599999997
FOLD_1203_WUHAN_ICOHU104_SEED10_MODEL_4,1,0.0,0.10129843860000001,0.20854098799999998,0.361750736,FOLD_1203_WUHAN_ICOHU104_REC_SEED10_MODEL_4,0,0.0,0.12787107879999998,0.254293564,0.449083486,-0.045752576000000045
FOLD_1203_WUHAN_ICOHU104_SEED10_MODEL_4,1,0.0,0.10129843860000001,0.20854098799999998,0.361750736,FOLD_1203_WUHAN_ICOHU104_REC_SEED10_MODEL_4,1,0.0,0.1285512768,0.246814736,0.433620352,-0.038273748000000024
FOLD_1203_WUHAN_ICOHU104_SEED10_MODEL_4,1,0.0,0.10129843860000001,0.20854098799999998,0.361750736,FOLD_1203_WUHAN_ICOHU104_REC_SEED10_MODEL_4,2,0.0,0.163941848,0.324139762,0.55253262,-0.11559877400000002
FOLD_1203_WUHAN_ICOHU104_SEED10_MODEL_4,1,0.0,0.15142226,0.280125672,0.42669514,FOLD_1203_WUHAN_ICOHU104_REC_SEED10_MODEL_4,0,0.0,0.150337498,0.27726311400000003,0.46888091200000004,0.0028625579999999595
FOLD_1203_WUHAN_ICOHU104_SEED10_MODEL_4,1,0.0,0.15142226,0.280125672,0.42669514,FOLD_1203_WUHAN_ICOHU104_REC_SEED10_MODEL_4,1,0.0,0.157979168,0.28426988799999997,0.46861069200000005,-0.004144215999999978
FOLD_1203_WUHAN_ICOHU104_SEED10_MODEL_4,1,0.0,0.15142226,0.280125672,0.42669514,FOLD_1203_WUHAN_ICOHU104_REC_SEED10_MODEL_4,2,0.0,0.213206442,0.378505902,0.59599009,-0.09838023000000001
FOLD_1203_WUHAN_ICOHU104_SEED10_MODEL_4,1,0.0,0.515970018,0.611751308,0.674748602,FOLD_1203_WUHAN_ICOHU104_REC_SEED10_MODEL_4,0,0.0,0.527158376,0.6115571479999999,0.687981464,0.0001941600000000543
FOLD_1203_WUHAN_ICOHU104_SEED10_MODEL_4,1,0.0,0.515970018,0.611751308,0.674748602,FOLD_1203_WUHAN_ICOHU104_REC_SEED10_MODEL_4,1,0.0,0.536302142,0.6259697799999999,0.701565598,-0.014218471999999927
FOLD_1203_WUHAN_ICOHU104_SEED10_MODEL_4,1,0.0,0.515970018,0.611751308,0.674748602,FOLD_1203_WUHAN_ICOHU104_REC_SEED10_MODEL_4,2,0.0,0.523706958,0.618281896,0.69971508,-0.006530588000000059
FOLD_1203_WUHAN_ICOHU104_SEED10_MODEL_4,1,0.0,0.48694365600000006,0.591064574,0.6719597580000001,FOLD_1203_WUHAN_ICOHU104_REC_SEED10_MODEL_4,0,0.0,0.503589506,0.594337372,0.684137726,-0.003272798000000021
FOLD_1203_WUHAN_ICOHU104_SEED10_MODEL_4,1,0.0,0.48694365600000006,0.591064574,0.6719597580000001,FOLD_1203_WUHAN_ICOHU104_REC_SEED10_MODEL_4,1,0.0,0.50998056,0.608225586,0.700667158,-0.017161011999999976
FOLD_1203_WUHAN_ICOHU104_SEED10_MODEL_4,1,0.0,0.48694365600000006,0.591064574,0.6719597580000001,FOLD_1203_WUHAN_ICOHU104_REC_SEED10_MODEL_4,2,0.0,0.496935582,0.598926284,0.6947392600000001,-0.007861710000000022
FOLD_1203_WUHAN_ICOHU104_SEED10_MODEL_4,1,0.0,0.486943664,0.59106455,0.671959776,FOLD_1203_WUHAN_ICOHU104_REC_SEED10_MODEL_4,0,0.0,0.5035894940000001,0.59433736,0.6841377319999999,-0.003272810000000015
FOLD_1203_WUHAN_ICOHU104_SEED10_MODEL_4,1,0.0,0.486943664,0.59106455,0.671959776,FOLD_1203_WUHAN_ICOHU104_REC_SEED10_MODEL_4,1,0.0,0.509980522,0.608225586,0.700667158,-0.017161035999999963
FOLD_1203_WUHAN_ICOHU104_SEED10_MODEL_4,1,0.0,0.486943664,0.59106455,0.671959776,FOLD_1203_WUHAN_ICOHU104_REC_SEED10_MODEL_4,2,0.0,0.496935582,0.5989262639999999,0.69473927,-0.007861713999999909
FOLD_1203_WUHAN_ICOHU104_SEED10_MODEL_4,1,0.0,0.48737521400000006,0.593578302,0.678395474,FOLD_1203_WUHAN_ICOHU104_REC_SEED10_MODEL_4,0,0.0,0.500402788,0.5947577820000001,0.6900746520000001,-0.0011794800000001215
FOLD_1203_WUHAN_ICOHU104_SEED10_MODEL_4,1,0.0,0.48737521400000006,0.593578302,0.678395474,FOLD_1203_WUHAN_ICOHU104_REC_SEED10_MODEL_4,1,0.0,0.509375034,0.60954244,0.70548614,-0.015964138000000072
FOLD_1203_WUHAN_ICOHU104_SEED10_MODEL_4,1,0.0,0.48737521400000006,0.593578302,0.678395474,FOLD_1203_WUHAN_ICOHU104_REC_SEED10_MODEL_4,2,0.0,0.500207346,0.603948574,0.703185052,-0.01037027200000007
FOLD_1203_WUHAN_ICOHU104_SEED10_MODEL_4,1,0.0,0.48737521399999995,0.593578322,0.678395508,FOLD_1203_WUHAN_ICOHU104_REC_SEED10_MODEL_4,0,0.0,0.500402782,0.5947577820000001,0.690074678,-0.001179460000000021
FOLD_1203_WUHAN_ICOHU104_SEED10_MODEL_4,1,0.0,0.48737521399999995,0.593578322,0.678395508,FOLD_1203_WUHAN_ICOHU104_REC_SEED10_MODEL_4,1,0.0,0.509374984,0.609542404,0.705486126,-0.01596408199999999
FOLD_1203_WUHAN_ICOHU104_SEED10_MODEL_4,1,0.0,0.48737521399999995,0.593578322,0.678395508,FOLD_1203_WUHAN_ICOHU104_REC_SEED10_MODEL_4,2,0.0,0.500207346,0.603948574,0.703185034,-0.010370251999999969
FOLD_1203_WUHAN_ICOHU104_SEED10_MODEL_4,1,0.0,0.36514608800000004,0.501179582,0.5921194599999999,FOLD_1203_WUHAN_ICOHU104_REC_SEED10_MODEL_4,0,0.0,0.41912288200000003,0.535283544,0.625068848,-0.03410396199999999
FOLD_1203_WUHAN_ICOHU104_SEED10_MODEL_4,1,0.0,0.36514608800000004,0.501179582,0.5921194599999999,FOLD_1203_WUHAN_ICOHU104_REC_SEED10_MODEL_4,1,0.0,0.42461442399999993,0.56015457,0.663967458,-0.058974988000000006
FOLD_1203_WUHAN_ICOHU104_SEED10_MODEL_4,1,0.0,0.36514608800000004,0.501179582,0.5921194599999999,FOLD_1203_WUHAN_ICOHU104_REC_SEED10_MODEL_4,2,0.0,0.427525016,0.5482589840000001,0.641491822,-0.04707940200000005
FOLD_1203_WUHAN_ICOHU104_SEED10_MODEL_4,1,0.0,0.327696192,0.500923578,0.5869403240000001,FOLD_1203_WUHAN_ICOHU104_REC_SEED10_MODEL_4,0,0.0,0.43035669800000004,0.58804873,0.663710282,-0.08712515200000004
FOLD_1203_WUHAN_ICOHU104_SEED10_MODEL_4,1,0.0,0.327696192,0.500923578,0.5869403240000001,FOLD_1203_WUHAN_ICOHU104_REC_SEED10_MODEL_4,1,0.0,0.424013104,0.600148834,0.699031244,-0.09922525599999998
FOLD_1203_WUHAN_ICOHU104_SEED10_MODEL_4,1,0.0,0.327696192,0.500923578,0.5869403240000001,FOLD_1203_WUHAN_ICOHU104_REC_SEED10_MODEL_4,2,0.0,0.470440496,0.633887278,0.71868868,-0.13296370000000002
FOLD_1203_WUHAN_ICOHU104_SEED10_MODEL_4,1,0.0,0.348757032,0.48784116600000005,0.5914218680000001,FOLD_1203_WUHAN_ICOHU104_REC_SEED10_MODEL_4,0,0.0,0.401688524,0.519478176,0.619699338,-0.031637009999999965
FOLD_1203_WUHAN_ICOHU104_SEED10_MODEL_4,1,0.0,0.348757032,0.48784116600000005,0.5914218680000001,FOLD_1203_WUHAN_ICOHU104_REC_SEED10_MODEL_4,1,0.0,0.40254472,0.543259678,0.660599438,-0.05541851199999992
FOLD_1203_WUHAN_ICOHU104_SEED10_MODEL_4,1,0.0,0.348757032,0.48784116600000005,0.5914218680000001,FOLD_1203_WUHAN_ICOHU104_REC_SEED10_MODEL_4,2,0.0,0.408194342,0.529016642,0.629863332,-0.04117547599999993
FOLD_1203_WUHAN_ICOHU104_SEED10_MODEL_4,1,0.0,0.312076966,0.48757138400000005,0.58626327,FOLD_1203_WUHAN_ICOHU104_REC_SEED10_MODEL_4,0,0.0,0.413040876,0.572466154,0.658958472,-0.08489476999999995
FOLD_1203_WUHAN_ICOHU104_SEED10_MODEL_4,1,0.0,0.312076966,0.48757138400000005,0.58626327,FOLD_1203_WUHAN_ICOHU104_REC_SEED10_MODEL_4,1,0.0,0.40211522000000005,0.583602392,0.6959205980000001,-0.09603100799999992
FOLD_1203_WUHAN_ICOHU104_SEED10_MODEL_4,1,0.0,0.312076966,0.48757138400000005,0.58626327,FOLD_1203_WUHAN_ICOHU104_REC_SEED10_MODEL_4,2,0.0,0.45055213599999994,0.6155197880000001,0.7091557479999999,-0.12794840400000002
FOLD_1203_WUHAN_ICOHU104_SEED10_MODEL_4,1,0.0,0.269498786,0.397736264,0.506526252,FOLD_1203_WUHAN_ICOHU104_REC_SEED10_MODEL_4,0,0.0,0.29502494,0.416663214,0.521963264,-0.018926949999999998
FOLD_1203_WUHAN_ICOHU104_SEED10_MODEL_4,1,0.0,0.269498786,0.397736264,0.506526252,FOLD_1203_WUHAN_ICOHU104_REC_SEED10_MODEL_4,1,0.0,0.301017468,0.431998364,0.5461017499999999,-0.03426210000000002
FOLD_1203_WUHAN_ICOHU104_SEED10_MODEL_4,1,0.0,0.269498786,0.397736264,0.506526252,FOLD_1203_WUHAN_ICOHU104_REC_SEED10_MODEL_4,2,0.0,0.298546332,0.41662298,0.517290082,-0.01888671599999997
FOLD_1203_WUHAN_ICOHU104_SEED10_MODEL_4,1,0.0,0.086261951,0.20004985999999997,0.283477402,FOLD_1203_WUHAN_ICOHU104_REC_SEED10_MODEL_4,0,0.0,0.11895077679999999,0.238430996,0.34877590199999997,-0.03838113600000004
FOLD_1203_WUHAN_ICOHU104_SEED10_MODEL_4,1,0.0,0.086261951,0.20004985999999997,0.283477402,FOLD_1203_WUHAN_ICOHU104_REC_SEED10_MODEL_4,1,0.0,0.120138408,0.24817529,0.359963668,-0.048125430000000025
FOLD_1203_WUHAN_ICOHU104_SEED10_MODEL_4,1,0.0,0.086261951,0.20004985999999997,0.283477402,FOLD_1203_WUHAN_ICOHU104_REC_SEED10_MODEL_4,2,0.0,0.137479896,0.267478918,0.376863754,-0.06742905800000004
FOLD_1203_WUHAN_ICOHU104_SEED10_MODEL_4,1,0.0,0.12060190200000001,0.259087316,0.36679016999999997,FOLD_1203_WUHAN_ICOHU104_REC_SEED10_MODEL_4,0,0.0,0.180891896,0.345042804,0.507128114,-0.08595548799999997
FOLD_1203_WUHAN_ICOHU104_SEED10_MODEL_4,1,0.0,0.12060190200000001,0.259087316,0.36679016999999997,FOLD_1203_WUHAN_ICOHU104_REC_SEED10_MODEL_4,1,0.0,0.14597657800000002,0.285853108,0.41509694,-0.02676579200000001
FOLD_1203_WUHAN_ICOHU104_SEED10_MODEL_4,1,0.0,0.12060190200000001,0.259087316,0.36679016999999997,FOLD_1203_WUHAN_ICOHU104_REC_SEED10_MODEL_4,2,0.0,0.165715996,0.304466852,0.42160930199999996,-0.045379536
FOLD_1203_WUHAN_ICOHU104_SEED10_MODEL_4,1,0.0,0.0799650468,0.178939196,0.278234184,FOLD_1203_WUHAN_ICOHU104_REC_SEED10_MODEL_4,0,0.0,0.138713652,0.27950422,0.42740997599999997,-0.10056502400000003
FOLD_1203_WUHAN_ICOHU104_SEED10_MODEL_4,1,0.0,0.0799650468,0.178939196,0.278234184,FOLD_1203_WUHAN_ICOHU104_REC_SEED10_MODEL_4,1,0.0,0.102107111,0.216398658,0.35199704,-0.037459462
FOLD_1203_WUHAN_ICOHU104_SEED10_MODEL_4,1,0.0,0.0799650468,0.178939196,0.278234184,FOLD_1203_WUHAN_ICOHU104_REC_SEED10_MODEL_4,2,0.0,0.132135106,0.257028914,0.396208934,-0.078089718
FOLD_1203_WUHAN_ICOHU104_SEED10_MODEL_4,1,0.0,0.0763559454,0.172638892,0.27185224999999996,FOLD_1203_WUHAN_ICOHU104_REC_SEED10_MODEL_4,0,0.0,0.1357812182,0.275729196,0.426009316,-0.10309030400000002
FOLD_1203_WUHAN_ICOHU104_SEED10_MODEL_4,1,0.0,0.0763559454,0.172638892,0.27185224999999996,FOLD_1203_WUHAN_ICOHU104_REC_SEED10_MODEL_4,1,0.0,0.1025795562,0.21672181799999998,0.352236406,-0.044082925999999995
FOLD_1203_WUHAN_ICOHU104_SEED10_MODEL_4,1,0.0,0.0763559454,0.172638892,0.27185224999999996,FOLD_1203_WUHAN_ICOHU104_REC_SEED10_MODEL_4,2,0.0,0.11890310239999999,0.23245206000000002,0.35671147400000003,-0.05981316800000003
FOLD_1203_WUHAN_ICOHU104_SEED10_MODEL_4,1,0.0,0.118772348,0.250036088,0.352812734,FOLD_1203_WUHAN_ICOHU104_REC_SEED10_MODEL_4,0,0.0,0.17723691800000002,0.325422302,0.455903252,-0.07538621400000001
FOLD_1203_WUHAN_ICOHU104_SEED10_MODEL_4,1,0.0,0.118772348,0.250036088,0.352812734,FOLD_1203_WUHAN_ICOHU104_REC_SEED10_MODEL_4,1,0.0,0.142989178,0.275121256,0.39892686800000005,-0.02508516799999999
FOLD_1203_WUHAN_ICOHU104_SEED10_MODEL_4,1,0.0,0.118772348,0.250036088,0.352812734,FOLD_1203_WUHAN_ICOHU104_REC_SEED10_MODEL_4,2,0.0,0.1512593108,0.27809103199999996,0.39194663199999996,-0.02805494399999997
FOLD_1203_WUHAN_ICOHU104_SEED10_MODEL_4,1,0.0,0.0786819982,0.172031314,0.266451334,FOLD_1203_WUHAN_ICOHU104_REC_SEED10_MODEL_4,0,0.0,0.14285595499999998,0.271756656,0.397743204,-0.099725342
FOLD_1203_WUHAN_ICOHU104_SEED10_MODEL_4,1,0.0,0.0786819982,0.172031314,0.266451334,FOLD_1203_WUHAN_ICOHU104_REC_SEED10_MODEL_4,1,0.0,0.10006434099999999,0.20778237800000002,0.33726745399999997,-0.03575106400000003
FOLD_1203_WUHAN_ICOHU104_SEED10_MODEL_4,1,0.0,0.0786819982,0.172031314,0.266451334,FOLD_1203_WUHAN_ICOHU104_REC_SEED10_MODEL_4,2,0.0,0.11991301400000001,0.23291756599999996,0.366641582,-0.060886251999999974
FOLD_1203_WUHAN_ICOHU104_SEED10_MODEL_4,1,0.0,0.0751650878,0.166025612,0.260403458,FOLD_1203_WUHAN_ICOHU104_REC_SEED10_MODEL_4,0,0.0,0.1408900308,0.269837694,0.398637826,-0.10381208200000003
FOLD_1203_WUHAN_ICOHU104_SEED10_MODEL_4,1,0.0,0.0751650878,0.166025612,0.260403458,FOLD_1203_WUHAN_ICOHU104_REC_SEED10_MODEL_4,1,0.0,0.0970187768,0.20157754,0.32988658000000004,-0.03555192800000001
FOLD_1203_WUHAN_ICOHU104_SEED10_MODEL_4,1,0.0,0.0751650878,0.166025612,0.260403458,FOLD_1203_WUHAN_ICOHU104_REC_SEED10_MODEL_4,2,0.0,0.1098779248,0.212822568,0.3310609,-0.046796956
FOLD_1203_WUHAN_ICOHU104_SEED10_MODEL_4,1,0.0,0.10232008420000001,0.221561894,0.327206646,FOLD_1203_WUHAN_ICOHU104_REC_SEED10_MODEL_4,0,0.0,0.150236076,0.287467786,0.422405998,-0.065905892
FOLD_1203_WUHAN_ICOHU104_SEED10_MODEL_4,1,0.0,0.10232008420000001,0.221561894,0.327206646,FOLD_1203_WUHAN_ICOHU104_REC_SEED10_MODEL_4,1,0.0,0.1229239872,0.245372886,0.373938314,-0.023810992000000003
FOLD_1203_WUHAN_ICOHU104_SEED10_MODEL_4,1,0.0,0.10232008420000001,0.221561894,0.327206646,FOLD_1203_WUHAN_ICOHU104_REC_SEED10_MODEL_4,2,0.0,0.129594723,0.24990652,0.37124505,-0.028344625999999984
FOLD_1203_WUHAN_ICOHU104_SEED10_MODEL_4,1,0.0,0.06714997240000001,0.150423554,0.24465688800000002,FOLD_1203_WUHAN_ICOHU104_REC_SEED10_MODEL_4,0,0.0,0.1219801428,0.242468162,0.385447836,-0.092044608
FOLD_1203_WUHAN_ICOHU104_SEED10_MODEL_4,1,0.0,0.06714997240000001,0.150423554,0.24465688800000002,FOLD_1203_WUHAN_ICOHU104_REC_SEED10_MODEL_4,1,0.0,0.0854057456,0.183251248,0.313633388,-0.03282769400000002
FOLD_1203_WUHAN_ICOHU104_SEED10_MODEL_4,1,0.0,0.06714997240000001,0.150423554,0.24465688800000002,FOLD_1203_WUHAN_ICOHU104_REC_SEED10_MODEL_4,2,0.0,0.101742008,0.206809768,0.34470329,-0.05638621400000002
FOLD_1203_WUHAN_ICOHU104_SEED10_MODEL_4,1,0.0,0.0641325146,0.145030292,0.238842526,FOLD_1203_WUHAN_ICOHU104_REC_SEED10_MODEL_4,0,0.0,0.12050214699999999,0.240843628,0.38617022,-0.095813336
FOLD_1203_WUHAN_ICOHU104_SEED10_MODEL_4,1,0.0,0.0641325146,0.145030292,0.238842526,FOLD_1203_WUHAN_ICOHU104_REC_SEED10_MODEL_4,1,0.0,0.0825553152,0.177330926,0.306324078,-0.032300633999999995
FOLD_1203_WUHAN_ICOHU104_SEED10_MODEL_4,1,0.0,0.0641325146,0.145030292,0.238842526,FOLD_1203_WUHAN_ICOHU104_REC_SEED10_MODEL_4,2,0.0,0.0902907008,0.183860128,0.306567608,-0.038829836000000006
FOLD_1203_WUHAN_ICOHU104_SEED10_MODEL_4,1,0.0,0.145759464,0.22836835,0.35481974,FOLD_1203_WUHAN_ICOHU104_REC_SEED10_MODEL_4,0,0.0,0.191861208,0.296569274,0.450967164,-0.068200924
FOLD_1203_WUHAN_ICOHU104_SEED10_MODEL_4,1,0.0,0.145759464,0.22836835,0.35481974,FOLD_1203_WUHAN_ICOHU104_REC_SEED10_MODEL_4,1,0.0,0.166525054,0.247687188,0.358242006,-0.019318838000000005
FOLD_1203_WUHAN_ICOHU104_SEED10_MODEL_4,1,0.0,0.145759464,0.22836835,0.35481974,FOLD_1203_WUHAN_ICOHU104_REC_SEED10_MODEL_4,2,0.0,0.19377343800000002,0.302720202,0.470793444,-0.074351852
FOLD_1203_WUHAN_ICOHU104_SEED10_MODEL_4,1,0.0,0.151593676,0.233754042,0.348005024,FOLD_1203_WUHAN_ICOHU104_REC_SEED10_MODEL_4,0,0.0,0.298671672,0.386534004,0.498573312,-0.152779962
FOLD_1203_WUHAN_ICOHU104_SEED10_MODEL_4,1,0.0,0.151593676,0.233754042,0.348005024,FOLD_1203_WUHAN_ICOHU104_REC_SEED10_MODEL_4,1,0.0,0.19871436599999998,0.28510145,0.41667031200000004,-0.05134740799999998
FOLD_1203_WUHAN_ICOHU104_SEED10_MODEL_4,1,0.0,0.151593676,0.233754042,0.348005024,FOLD_1203_WUHAN_ICOHU104_REC_SEED10_MODEL_4,2,0.0,0.1521134,0.23279999399999998,0.371984096,0.0009540480000000129
FOLD_1203_WUHAN_ICOHU104_SEED10_MODEL_4,1,0.0,0.16305930200000002,0.245410116,0.349388426,FOLD_1203_WUHAN_ICOHU104_REC_SEED10_MODEL_4,0,0.0,0.313443504,0.40581386999999997,0.5309861739999999,-0.16040375399999995
FOLD_1203_WUHAN_ICOHU104_SEED10_MODEL_4,1,0.0,0.16305930200000002,0.245410116,0.349388426,FOLD_1203_WUHAN_ICOHU104_REC_SEED10_MODEL_4,1,0.0,0.22938343,0.32686814799999997,0.46774048199999996,-0.08145803199999996
FOLD_1203_WUHAN_ICOHU104_SEED10_MODEL_4,1,0.0,0.16305930200000002,0.245410116,0.349388426,FOLD_1203_WUHAN_ICOHU104_REC_SEED10_MODEL_4,2,0.0,0.16690244599999998,0.253251872,0.383399938,-0.007841755999999978
FOLD_1203_WUHAN_ICOHU104_SEED10_MODEL_4,1,0.0,0.204543544,0.303806604,0.42769533800000004,FOLD_1203_WUHAN_ICOHU104_REC_SEED10_MODEL_4,0,0.0,0.331621676,0.423034114,0.547226882,-0.11922751000000004
FOLD_1203_WUHAN_ICOHU104_SEED10_MODEL_4,1,0.0,0.204543544,0.303806604,0.42769533800000004,FOLD_1203_WUHAN_ICOHU104_REC_SEED10_MODEL_4,1,0.0,0.26230399,0.370327848,0.51831761,-0.06652124400000003
FOLD_1203_WUHAN_ICOHU104_SEED10_MODEL_4,1,0.0,0.204543544,0.303806604,0.42769533800000004,FOLD_1203_WUHAN_ICOHU104_REC_SEED10_MODEL_4,2,0.0,0.197409006,0.30176229,0.445809662,0.0020443139999999915
FOLD_1203_WUHAN_ICOHU104_SEED10_MODEL_4,3,0.0,0.17119239,0.277590724,0.42396420599999995,FOLD_1203_WUHAN_ICOHU104_REC_SEED10_MODEL_4,0,0.0,0.13114587279999998,0.22227846599999998,0.381561306,0.05531225800000003
FOLD_1203_WUHAN_ICOHU104_SEED10_MODEL_4,3,0.0,0.17119239,0.277590724,0.42396420599999995,FOLD_1203_WUHAN_ICOHU104_REC_SEED10_MODEL_4,1,0.0,0.148482,0.248796624,0.40716293400000003,0.028794100000000017
FOLD_1203_WUHAN_ICOHU104_SEED10_MODEL_4,3,0.0,0.17119239,0.277590724,0.42396420599999995,FOLD_1203_WUHAN_ICOHU104_REC_SEED10_MODEL_4,2,0.0,0.128204855,0.222156084,0.38898990600000005,0.05543464000000001
FOLD_1203_WUHAN_ICOHU104_SEED10_MODEL_4,3,0.0,0.209509398,0.32779391599999996,0.478966868,FOLD_1203_WUHAN_ICOHU104_REC_SEED10_MODEL_4,0,0.0,0.157039676,0.266496418,0.42959363,0.06129749799999995
FOLD_1203_WUHAN_ICOHU104_SEED10_MODEL_4,3,0.0,0.209509398,0.32779391599999996,0.478966868,FOLD_1203_WUHAN_ICOHU104_REC_SEED10_MODEL_4,1,0.0,0.18554896599999998,0.30251904,0.45344206600000003,0.025274875999999946
FOLD_1203_WUHAN_ICOHU104_SEED10_MODEL_4,3,0.0,0.209509398,0.32779391599999996,0.478966868,FOLD_1203_WUHAN_ICOHU104_REC_SEED10_MODEL_4,2,0.0,0.15426852200000002,0.265511836,0.43288507000000004,0.06228207999999996
FOLD_1203_WUHAN_ICOHU104_SEED10_MODEL_4,3,0.0,0.24781366,0.37156853,0.47976924600000004,FOLD_1203_WUHAN_ICOHU104_REC_SEED10_MODEL_4,0,0.0,0.27644255,0.42288901799999995,0.5482133379999999,-0.05132048799999994
FOLD_1203_WUHAN_ICOHU104_SEED10_MODEL_4,3,0.0,0.24781366,0.37156853,0.47976924600000004,FOLD_1203_WUHAN_ICOHU104_REC_SEED10_MODEL_4,1,0.0,0.288326444,0.434354074,0.547180738,-0.06278554399999997
FOLD_1203_WUHAN_ICOHU104_SEED10_MODEL_4,3,0.0,0.24781366,0.37156853,0.47976924600000004,FOLD_1203_WUHAN_ICOHU104_REC_SEED10_MODEL_4,2,0.0,0.300404546,0.446309596,0.551135226,-0.07474106599999997
FOLD_1203_WUHAN_ICOHU104_SEED10_MODEL_4,3,0.0,0.18355223199999998,0.294274892,0.43214895799999997,FOLD_1203_WUHAN_ICOHU104_REC_SEED10_MODEL_4,0,0.0,0.22607181,0.331913244,0.477130878,-0.037638351999999986
FOLD_1203_WUHAN_ICOHU104_SEED10_MODEL_4,3,0.0,0.18355223199999998,0.294274892,0.43214895799999997,FOLD_1203_WUHAN_ICOHU104_REC_SEED10_MODEL_4,1,0.0,0.21505409800000003,0.31840914800000003,0.41794354599999994,-0.02413425600000002
FOLD_1203_WUHAN_ICOHU104_SEED10_MODEL_4,3,0.0,0.18355223199999998,0.294274892,0.43214895799999997,FOLD_1203_WUHAN_ICOHU104_REC_SEED10_MODEL_4,2,0.0,0.192288314,0.297738998,0.43840106599999995,-0.003464105999999967
FOLD_1203_WUHAN_ICOHU104_SEED10_MODEL_4,3,0.0,0.180411396,0.29856466,0.47929060999999995,FOLD_1203_WUHAN_ICOHU104_REC_SEED10_MODEL_4,0,0.0,0.213313344,0.306830744,0.477971884,-0.008266084000000007
FOLD_1203_WUHAN_ICOHU104_SEED10_MODEL_4,3,0.0,0.180411396,0.29856466,0.47929060999999995,FOLD_1203_WUHAN_ICOHU104_REC_SEED10_MODEL_4,1,0.0,0.19844592,0.295842182,0.43470618200000005,0.0027224779999999726
FOLD_1203_WUHAN_ICOHU104_SEED10_MODEL_4,3,0.0,0.180411396,0.29856466,0.47929060999999995,FOLD_1203_WUHAN_ICOHU104_REC_SEED10_MODEL_4,2,0.0,0.167272626,0.278335896,0.450081738,0.020228763999999955
FOLD_1203_WUHAN_ICOHU104_SEED10_MODEL_4,3,0.0,0.1414647552,0.20621345600000002,0.295213088,FOLD_1203_WUHAN_ICOHU104_REC_SEED10_MODEL_4,0,0.0,0.092138144,0.15135035000000002,0.262711862,0.054863105999999995
FOLD_1203_WUHAN_ICOHU104_SEED10_MODEL_4,3,0.0,0.1414647552,0.20621345600000002,0.295213088,FOLD_1203_WUHAN_ICOHU104_REC_SEED10_MODEL_4,1,0.0,0.090635245,0.14521243,0.22968756799999998,0.061001026000000014
FOLD_1203_WUHAN_ICOHU104_SEED10_MODEL_4,3,0.0,0.1414647552,0.20621345600000002,0.295213088,FOLD_1203_WUHAN_ICOHU104_REC_SEED10_MODEL_4,2,0.0,0.1426683792,0.22492829199999997,0.336442428,-0.018714835999999957
FOLD_1203_WUHAN_ICOHU104_SEED10_MODEL_4,3,0.0,0.137695748,0.202781642,0.292116706,FOLD_1203_WUHAN_ICOHU104_REC_SEED10_MODEL_4,0,0.0,0.097321967,0.157388474,0.26224674600000003,0.04539316800000001
FOLD_1203_WUHAN_ICOHU104_SEED10_MODEL_4,3,0.0,0.137695748,0.202781642,0.292116706,FOLD_1203_WUHAN_ICOHU104_REC_SEED10_MODEL_4,1,0.0,0.09178845799999999,0.144697308,0.222476744,0.058084334000000015
FOLD_1203_WUHAN_ICOHU104_SEED10_MODEL_4,3,0.0,0.137695748,0.202781642,0.292116706,FOLD_1203_WUHAN_ICOHU104_REC_SEED10_MODEL_4,2,0.0,0.1669504,0.24516907599999999,0.35467833,-0.042387433999999974
FOLD_1203_WUHAN_ICOHU104_SEED10_MODEL_4,3,0.0,0.149669122,0.221123566,0.31473266,FOLD_1203_WUHAN_ICOHU104_REC_SEED10_MODEL_4,0,0.0,0.1010310762,0.16162006,0.26645198,0.059503505999999984
FOLD_1203_WUHAN_ICOHU104_SEED10_MODEL_4,3,0.0,0.149669122,0.221123566,0.31473266,FOLD_1203_WUHAN_ICOHU104_REC_SEED10_MODEL_4,1,0.0,0.093820576,0.1438289008,0.218263432,0.0772946652
FOLD_1203_WUHAN_ICOHU104_SEED10_MODEL_4,3,0.0,0.149669122,0.221123566,0.31473266,FOLD_1203_WUHAN_ICOHU104_REC_SEED10_MODEL_4,2,0.0,0.14317472199999998,0.215001932,0.325842884,0.006121633999999987
FOLD_1203_WUHAN_ICOHU104_SEED10_MODEL_4,3,0.0,0.197007662,0.279811304,0.380022686,FOLD_1203_WUHAN_ICOHU104_REC_SEED10_MODEL_4,0,0.0,0.126066361,0.20366651600000002,0.328819786,0.07614478799999996
FOLD_1203_WUHAN_ICOHU104_SEED10_MODEL_4,3,0.0,0.197007662,0.279811304,0.380022686,FOLD_1203_WUHAN_ICOHU104_REC_SEED10_MODEL_4,1,0.0,0.1287020828,0.19829106400000002,0.296384898,0.08152023999999997
FOLD_1203_WUHAN_ICOHU104_SEED10_MODEL_4,3,0.0,0.197007662,0.279811304,0.380022686,FOLD_1203_WUHAN_ICOHU104_REC_SEED10_MODEL_4,2,0.0,0.181244154,0.271761804,0.395857978,0.008049499999999987
FOLD_1203_WUHAN_ICOHU104_SEED10_MODEL_4,3,0.0,0.0738785018,0.135601734,0.20343838,FOLD_1203_WUHAN_ICOHU104_REC_SEED10_MODEL_4,0,0.0,0.0708004064,0.139430253,0.242388098,-0.0038285190000000024
FOLD_1203_WUHAN_ICOHU104_SEED10_MODEL_4,3,0.0,0.0738785018,0.135601734,0.20343838,FOLD_1203_WUHAN_ICOHU104_REC_SEED10_MODEL_4,1,0.0,0.0716979064,0.1370026,0.21909313199999997,-0.0014008660000000006
FOLD_1203_WUHAN_ICOHU104_SEED10_MODEL_4,3,0.0,0.0738785018,0.135601734,0.20343838,FOLD_1203_WUHAN_ICOHU104_REC_SEED10_MODEL_4,2,0.0,0.0908146518,0.181301152,0.31354497800000003,-0.04569941799999999
FOLD_1203_WUHAN_ICOHU104_SEED10_MODEL_4,3,0.0,0.06331905260000001,0.189892048,0.371705972,FOLD_1203_WUHAN_ICOHU104_REC_SEED10_MODEL_4,0,0.0,0.0874314972,0.20429926800000003,0.41571694800000003,-0.014407220000000026
FOLD_1203_WUHAN_ICOHU104_SEED10_MODEL_4,3,0.0,0.06331905260000001,0.189892048,0.371705972,FOLD_1203_WUHAN_ICOHU104_REC_SEED10_MODEL_4,1,0.0,0.0947271828,0.2043574548,0.37716880399999997,-0.014465406799999997
FOLD_1203_WUHAN_ICOHU104_SEED10_MODEL_4,3,0.0,0.06331905260000001,0.189892048,0.371705972,FOLD_1203_WUHAN_ICOHU104_REC_SEED10_MODEL_4,2,0.0,0.0916254248,0.21255676599999998,0.42440276800000004,-0.022664717999999973
FOLD_1203_WUHAN_ICOHU104_SEED10_MODEL_4,3,0.0,0.055575752,0.170537796,0.336501904,FOLD_1203_WUHAN_ICOHU104_REC_SEED10_MODEL_4,0,0.0,0.080715298,0.1910851572,0.39078013599999994,-0.020547361200000003
FOLD_1203_WUHAN_ICOHU104_SEED10_MODEL_4,3,0.0,0.055575752,0.170537796,0.336501904,FOLD_1203_WUHAN_ICOHU104_REC_SEED10_MODEL_4,1,0.0,0.089066287,0.194492228,0.35914188999999996,-0.023954431999999998
FOLD_1203_WUHAN_ICOHU104_SEED10_MODEL_4,3,0.0,0.055575752,0.170537796,0.336501904,FOLD_1203_WUHAN_ICOHU104_REC_SEED10_MODEL_4,2,0.0,0.0835105926,0.197712644,0.40117239600000004,-0.027174848
FOLD_1203_WUHAN_ICOHU104_SEED10_MODEL_4,3,0.0,0.05047799239999999,0.16819694599999999,0.34498034200000005,FOLD_1203_WUHAN_ICOHU104_REC_SEED10_MODEL_4,0,0.0,0.0728658602,0.186150481,0.39774539400000003,-0.01795353500000002
FOLD_1203_WUHAN_ICOHU104_SEED10_MODEL_4,3,0.0,0.05047799239999999,0.16819694599999999,0.34498034200000005,FOLD_1203_WUHAN_ICOHU104_REC_SEED10_MODEL_4,1,0.0,0.0821005588,0.19148642600000002,0.367234002,-0.02328948000000003
FOLD_1203_WUHAN_ICOHU104_SEED10_MODEL_4,3,0.0,0.05047799239999999,0.16819694599999999,0.34498034200000005,FOLD_1203_WUHAN_ICOHU104_REC_SEED10_MODEL_4,2,0.0,0.076006821,0.193072118,0.40828384399999995,-0.024875172
FOLD_1203_WUHAN_ICOHU104_SEED10_MODEL_4,3,0.0,0.090052709,0.22528565399999997,0.48197694799999996,FOLD_1203_WUHAN_ICOHU104_REC_SEED10_MODEL_4,0,0.0,0.122093229,0.25888184999999997,0.5178182060000001,-0.033596195999999995
FOLD_1203_WUHAN_ICOHU104_SEED10_MODEL_4,3,0.0,0.090052709,0.22528565399999997,0.48197694799999996,FOLD_1203_WUHAN_ICOHU104_REC_SEED10_MODEL_4,1,0.0,0.1133832728,0.23925746399999998,0.489327634,-0.013971810000000001
FOLD_1203_WUHAN_ICOHU104_SEED10_MODEL_4,3,0.0,0.090052709,0.22528565399999997,0.48197694799999996,FOLD_1203_WUHAN_ICOHU104_REC_SEED10_MODEL_4,2,0.0,0.118235935,0.249180636,0.5171612839999999,-0.023894982000000037
FOLD_1203_WUHAN_ICOHU104_SEED10_MODEL_4,3,0.0,0.0397488676,0.11556117699999999,0.291230512,FOLD_1203_WUHAN_ICOHU104_REC_SEED10_MODEL_4,0,0.0,0.0695534118,0.186793936,0.43888269199999996,-0.071232759
FOLD_1203_WUHAN_ICOHU104_SEED10_MODEL_4,3,0.0,0.0397488676,0.11556117699999999,0.291230512,FOLD_1203_WUHAN_ICOHU104_REC_SEED10_MODEL_4,1,0.0,0.060688666599999996,0.15499479,0.37067122399999997,-0.039433613000000006
FOLD_1203_WUHAN_ICOHU104_SEED10_MODEL_4,3,0.0,0.0397488676,0.11556117699999999,0.291230512,FOLD_1203_WUHAN_ICOHU104_REC_SEED10_MODEL_4,2,0.0,0.055539983800000005,0.155602227,0.412365842,-0.04004105000000002
FOLD_1203_WUHAN_ICOHU104_SEED10_MODEL_4,3,0.0,0.167037738,0.282203114,0.384582274,FOLD_1203_WUHAN_ICOHU104_REC_SEED10_MODEL_4,0,0.0,0.183079912,0.30538761000000003,0.446623708,-0.023184496000000054
FOLD_1203_WUHAN_ICOHU104_SEED10_MODEL_4,3,0.0,0.167037738,0.282203114,0.384582274,FOLD_1203_WUHAN_ICOHU104_REC_SEED10_MODEL_4,1,0.0,0.179328018,0.311770292,0.441930944,-0.029567178000000027
FOLD_1203_WUHAN_ICOHU104_SEED10_MODEL_4,3,0.0,0.167037738,0.282203114,0.384582274,FOLD_1203_WUHAN_ICOHU104_REC_SEED10_MODEL_4,2,0.0,0.157481314,0.264156696,0.387675806,0.018046417999999953
FOLD_1203_WUHAN_ICOHU104_SEED10_MODEL_4,3,0.0,0.166039814,0.28104205000000004,0.386617714,FOLD_1203_WUHAN_ICOHU104_REC_SEED10_MODEL_4,0,0.0,0.181760964,0.303818498,0.449746984,-0.02277644799999995
FOLD_1203_WUHAN_ICOHU104_SEED10_MODEL_4,3,0.0,0.166039814,0.28104205000000004,0.386617714,FOLD_1203_WUHAN_ICOHU104_REC_SEED10_MODEL_4,1,0.0,0.17619725800000002,0.309208988,0.44508196,-0.028166937999999975
FOLD_1203_WUHAN_ICOHU104_SEED10_MODEL_4,3,0.0,0.166039814,0.28104205000000004,0.386617714,FOLD_1203_WUHAN_ICOHU104_REC_SEED10_MODEL_4,2,0.0,0.15579144220000002,0.26396929599999996,0.394505654,0.01707275400000008
FOLD_1203_WUHAN_ICOHU104_SEED10_MODEL_4,3,0.0,0.19911296,0.340682412,0.4844079,FOLD_1203_WUHAN_ICOHU104_REC_SEED10_MODEL_4,0,0.0,0.224112532,0.377052302,0.531414364,-0.036369890000000016
FOLD_1203_WUHAN_ICOHU104_SEED10_MODEL_4,3,0.0,0.19911296,0.340682412,0.4844079,FOLD_1203_WUHAN_ICOHU104_REC_SEED10_MODEL_4,1,0.0,0.20172802399999998,0.347789742,0.5010665519999999,-0.007107330000000023
FOLD_1203_WUHAN_ICOHU104_SEED10_MODEL_4,3,0.0,0.19911296,0.340682412,0.4844079,FOLD_1203_WUHAN_ICOHU104_REC_SEED10_MODEL_4,2,0.0,0.19125724,0.33590221800000003,0.495907306,0.00478019399999996
FOLD_1203_WUHAN_ICOHU104_SEED10_MODEL_4,3,0.0,0.221158564,0.36943929,0.5185362299999999,FOLD_1203_WUHAN_ICOHU104_REC_SEED10_MODEL_4,0,0.0,0.235529482,0.379200866,0.528958642,-0.00976157600000005
FOLD_1203_WUHAN_ICOHU104_SEED10_MODEL_4,3,0.0,0.221158564,0.36943929,0.5185362299999999,FOLD_1203_WUHAN_ICOHU104_REC_SEED10_MODEL_4,1,0.0,0.213333104,0.35495788,0.508064054,0.014481409999999972
FOLD_1203_WUHAN_ICOHU104_SEED10_MODEL_4,3,0.0,0.221158564,0.36943929,0.5185362299999999,FOLD_1203_WUHAN_ICOHU104_REC_SEED10_MODEL_4,2,0.0,0.195752872,0.332704752,0.491513134,0.03673453799999998
FOLD_1203_WUHAN_ICOHU104_SEED10_MODEL_4,3,0.0,0.0632562158,0.162093774,0.33716215,FOLD_1203_WUHAN_ICOHU104_REC_SEED10_MODEL_4,0,0.0,0.07306093799999999,0.16812902400000002,0.363283842,-0.00603525000000002
FOLD_1203_WUHAN_ICOHU104_SEED10_MODEL_4,3,0.0,0.0632562158,0.162093774,0.33716215,FOLD_1203_WUHAN_ICOHU104_REC_SEED10_MODEL_4,1,0.0,0.07733689,0.170143697,0.362762884,-0.008049923000000014
FOLD_1203_WUHAN_ICOHU104_SEED10_MODEL_4,3,0.0,0.0632562158,0.162093774,0.33716215,FOLD_1203_WUHAN_ICOHU104_REC_SEED10_MODEL_4,2,0.0,0.0891809106,0.19202797600000002,0.40769800400000006,-0.02993420200000002
FOLD_1203_WUHAN_ICOHU104_SEED10_MODEL_4,3,0.0,0.0956418252,0.213396682,0.40314136200000006,FOLD_1203_WUHAN_ICOHU104_REC_SEED10_MODEL_4,0,0.0,0.1042416898,0.224001222,0.433944402,-0.010604539999999996
FOLD_1203_WUHAN_ICOHU104_SEED10_MODEL_4,3,0.0,0.0956418252,0.213396682,0.40314136200000006,FOLD_1203_WUHAN_ICOHU104_REC_SEED10_MODEL_4,1,0.0,0.106658585,0.217176512,0.42056853600000005,-0.003779829999999984
FOLD_1203_WUHAN_ICOHU104_SEED10_MODEL_4,3,0.0,0.0956418252,0.213396682,0.40314136200000006,FOLD_1203_WUHAN_ICOHU104_REC_SEED10_MODEL_4,2,0.0,0.1224770288,0.248708516,0.48185822,-0.035311833999999986
FOLD_1203_WUHAN_ICOHU104_SEED10_MODEL_4,3,0.0,0.11693271000000001,0.25895828600000004,0.450624472,FOLD_1203_WUHAN_ICOHU104_REC_SEED10_MODEL_4,0,0.0,0.11942783799999998,0.246555026,0.449467016,0.012403260000000027
FOLD_1203_WUHAN_ICOHU104_SEED10_MODEL_4,3,0.0,0.11693271000000001,0.25895828600000004,0.450624472,FOLD_1203_WUHAN_ICOHU104_REC_SEED10_MODEL_4,1,0.0,0.11933279079999999,0.23567164,0.42844068799999996,0.02328664600000005
FOLD_1203_WUHAN_ICOHU104_SEED10_MODEL_4,3,0.0,0.11693271000000001,0.25895828600000004,0.450624472,FOLD_1203_WUHAN_ICOHU104_REC_SEED10_MODEL_4,2,0.0,0.15751911600000001,0.319719258,0.554523572,-0.06076097199999997
FOLD_1203_WUHAN_ICOHU104_SEED10_MODEL_4,3,0.0,0.1221111,0.262105088,0.446281888,FOLD_1203_WUHAN_ICOHU104_REC_SEED10_MODEL_4,0,0.0,0.12787107879999998,0.254293564,0.449083486,0.007811523999999959
FOLD_1203_WUHAN_ICOHU104_SEED10_MODEL_4,3,0.0,0.1221111,0.262105088,0.446281888,FOLD_1203_WUHAN_ICOHU104_REC_SEED10_MODEL_4,1,0.0,0.1285512768,0.246814736,0.433620352,0.01529035199999998
FOLD_1203_WUHAN_ICOHU104_SEED10_MODEL_4,3,0.0,0.1221111,0.262105088,0.446281888,FOLD_1203_WUHAN_ICOHU104_REC_SEED10_MODEL_4,2,0.0,0.163941848,0.324139762,0.55253262,-0.06203467400000001
FOLD_1203_WUHAN_ICOHU104_SEED10_MODEL_4,3,0.0,0.14434688,0.293636226,0.474580922,FOLD_1203_WUHAN_ICOHU104_REC_SEED10_MODEL_4,0,0.0,0.150337498,0.27726311400000003,0.46888091200000004,0.016373111999999967
FOLD_1203_WUHAN_ICOHU104_SEED10_MODEL_4,3,0.0,0.14434688,0.293636226,0.474580922,FOLD_1203_WUHAN_ICOHU104_REC_SEED10_MODEL_4,1,0.0,0.157979168,0.28426988799999997,0.46861069200000005,0.00936633800000003
FOLD_1203_WUHAN_ICOHU104_SEED10_MODEL_4,3,0.0,0.14434688,0.293636226,0.474580922,FOLD_1203_WUHAN_ICOHU104_REC_SEED10_MODEL_4,2,0.0,0.213206442,0.378505902,0.59599009,-0.084869676
FOLD_1203_WUHAN_ICOHU104_SEED10_MODEL_4,3,0.0,0.505000856,0.596804774,0.6614342879999999,FOLD_1203_WUHAN_ICOHU104_REC_SEED10_MODEL_4,0,0.0,0.527158376,0.6115571479999999,0.687981464,-0.014752373999999957
FOLD_1203_WUHAN_ICOHU104_SEED10_MODEL_4,3,0.0,0.505000856,0.596804774,0.6614342879999999,FOLD_1203_WUHAN_ICOHU104_REC_SEED10_MODEL_4,1,0.0,0.536302142,0.6259697799999999,0.701565598,-0.029165005999999938
FOLD_1203_WUHAN_ICOHU104_SEED10_MODEL_4,3,0.0,0.505000856,0.596804774,0.6614342879999999,FOLD_1203_WUHAN_ICOHU104_REC_SEED10_MODEL_4,2,0.0,0.523706958,0.618281896,0.69971508,-0.02147712200000007
FOLD_1203_WUHAN_ICOHU104_SEED10_MODEL_4,3,0.0,0.479944732,0.577466432,0.65575465,FOLD_1203_WUHAN_ICOHU104_REC_SEED10_MODEL_4,0,0.0,0.503589506,0.594337372,0.684137726,-0.01687094
FOLD_1203_WUHAN_ICOHU104_SEED10_MODEL_4,3,0.0,0.479944732,0.577466432,0.65575465,FOLD_1203_WUHAN_ICOHU104_REC_SEED10_MODEL_4,1,0.0,0.50998056,0.608225586,0.700667158,-0.030759153999999955
FOLD_1203_WUHAN_ICOHU104_SEED10_MODEL_4,3,0.0,0.479944732,0.577466432,0.65575465,FOLD_1203_WUHAN_ICOHU104_REC_SEED10_MODEL_4,2,0.0,0.496935582,0.598926284,0.6947392600000001,-0.021459852
FOLD_1203_WUHAN_ICOHU104_SEED10_MODEL_4,3,0.0,0.479944696,0.5774664319999999,0.65575465,FOLD_1203_WUHAN_ICOHU104_REC_SEED10_MODEL_4,0,0.0,0.5035894940000001,0.59433736,0.6841377319999999,-0.01687092800000012
FOLD_1203_WUHAN_ICOHU104_SEED10_MODEL_4,3,0.0,0.479944696,0.5774664319999999,0.65575465,FOLD_1203_WUHAN_ICOHU104_REC_SEED10_MODEL_4,1,0.0,0.509980522,0.608225586,0.700667158,-0.030759154000000066
FOLD_1203_WUHAN_ICOHU104_SEED10_MODEL_4,3,0.0,0.479944696,0.5774664319999999,0.65575465,FOLD_1203_WUHAN_ICOHU104_REC_SEED10_MODEL_4,2,0.0,0.496935582,0.5989262639999999,0.69473927,-0.021459832000000012
FOLD_1203_WUHAN_ICOHU104_SEED10_MODEL_4,3,0.0,0.477985504,0.57954939,0.664553478,FOLD_1203_WUHAN_ICOHU104_REC_SEED10_MODEL_4,0,0.0,0.500402788,0.5947577820000001,0.6900746520000001,-0.015208392000000015
FOLD_1203_WUHAN_ICOHU104_SEED10_MODEL_4,3,0.0,0.477985504,0.57954939,0.664553478,FOLD_1203_WUHAN_ICOHU104_REC_SEED10_MODEL_4,1,0.0,0.509375034,0.60954244,0.70548614,-0.029993049999999966
FOLD_1203_WUHAN_ICOHU104_SEED10_MODEL_4,3,0.0,0.477985504,0.57954939,0.664553478,FOLD_1203_WUHAN_ICOHU104_REC_SEED10_MODEL_4,2,0.0,0.500207346,0.603948574,0.703185052,-0.024399183999999963
FOLD_1203_WUHAN_ICOHU104_SEED10_MODEL_4,3,0.0,0.47798552,0.57954939,0.66455349,FOLD_1203_WUHAN_ICOHU104_REC_SEED10_MODEL_4,0,0.0,0.500402782,0.5947577820000001,0.690074678,-0.015208392000000015
FOLD_1203_WUHAN_ICOHU104_SEED10_MODEL_4,3,0.0,0.47798552,0.57954939,0.66455349,FOLD_1203_WUHAN_ICOHU104_REC_SEED10_MODEL_4,1,0.0,0.509374984,0.609542404,0.705486126,-0.029993013999999985
FOLD_1203_WUHAN_ICOHU104_SEED10_MODEL_4,3,0.0,0.47798552,0.57954939,0.66455349,FOLD_1203_WUHAN_ICOHU104_REC_SEED10_MODEL_4,2,0.0,0.500207346,0.603948574,0.703185034,-0.024399183999999963
FOLD_1203_WUHAN_ICOHU104_SEED10_MODEL_4,3,0.0,0.36088613399999997,0.479055874,0.558332626,FOLD_1203_WUHAN_ICOHU104_REC_SEED10_MODEL_4,0,0.0,0.41912288200000003,0.535283544,0.625068848,-0.05622767000000001
FOLD_1203_WUHAN_ICOHU104_SEED10_MODEL_4,3,0.0,0.36088613399999997,0.479055874,0.558332626,FOLD_1203_WUHAN_ICOHU104_REC_SEED10_MODEL_4,1,0.0,0.42461442399999993,0.56015457,0.663967458,-0.08109869600000003
FOLD_1203_WUHAN_ICOHU104_SEED10_MODEL_4,3,0.0,0.36088613399999997,0.479055874,0.558332626,FOLD_1203_WUHAN_ICOHU104_REC_SEED10_MODEL_4,2,0.0,0.427525016,0.5482589840000001,0.641491822,-0.06920311000000007
FOLD_1203_WUHAN_ICOHU104_SEED10_MODEL_4,3,0.0,0.367423634,0.5177304979999999,0.583426634,FOLD_1203_WUHAN_ICOHU104_REC_SEED10_MODEL_4,0,0.0,0.43035669800000004,0.58804873,0.663710282,-0.07031823200000009
FOLD_1203_WUHAN_ICOHU104_SEED10_MODEL_4,3,0.0,0.367423634,0.5177304979999999,0.583426634,FOLD_1203_WUHAN_ICOHU104_REC_SEED10_MODEL_4,1,0.0,0.424013104,0.600148834,0.699031244,-0.08241833600000004
FOLD_1203_WUHAN_ICOHU104_SEED10_MODEL_4,3,0.0,0.367423634,0.5177304979999999,0.583426634,FOLD_1203_WUHAN_ICOHU104_REC_SEED10_MODEL_4,2,0.0,0.470440496,0.633887278,0.71868868,-0.11615678000000007
FOLD_1203_WUHAN_ICOHU104_SEED10_MODEL_4,3,0.0,0.345465856,0.463126026,0.551813686,FOLD_1203_WUHAN_ICOHU104_REC_SEED10_MODEL_4,0,0.0,0.401688524,0.519478176,0.619699338,-0.05635214999999999
FOLD_1203_WUHAN_ICOHU104_SEED10_MODEL_4,3,0.0,0.345465856,0.463126026,0.551813686,FOLD_1203_WUHAN_ICOHU104_REC_SEED10_MODEL_4,1,0.0,0.40254472,0.543259678,0.660599438,-0.08013365199999994
FOLD_1203_WUHAN_ICOHU104_SEED10_MODEL_4,3,0.0,0.345465856,0.463126026,0.551813686,FOLD_1203_WUHAN_ICOHU104_REC_SEED10_MODEL_4,2,0.0,0.408194342,0.529016642,0.629863332,-0.06589061599999996
FOLD_1203_WUHAN_ICOHU104_SEED10_MODEL_4,3,0.0,0.352184572,0.501669826,0.5769563019999999,FOLD_1203_WUHAN_ICOHU104_REC_SEED10_MODEL_4,0,0.0,0.413040876,0.572466154,0.658958472,-0.07079632800000002
FOLD_1203_WUHAN_ICOHU104_SEED10_MODEL_4,3,0.0,0.352184572,0.501669826,0.5769563019999999,FOLD_1203_WUHAN_ICOHU104_REC_SEED10_MODEL_4,1,0.0,0.40211522000000005,0.583602392,0.6959205980000001,-0.08193256599999998
FOLD_1203_WUHAN_ICOHU104_SEED10_MODEL_4,3,0.0,0.352184572,0.501669826,0.5769563019999999,FOLD_1203_WUHAN_ICOHU104_REC_SEED10_MODEL_4,2,0.0,0.45055213599999994,0.6155197880000001,0.7091557479999999,-0.11384996200000008
FOLD_1203_WUHAN_ICOHU104_SEED10_MODEL_4,3,0.0,0.268725932,0.389532034,0.491370548,FOLD_1203_WUHAN_ICOHU104_REC_SEED10_MODEL_4,0,0.0,0.29502494,0.416663214,0.521963264,-0.027131179999999977
FOLD_1203_WUHAN_ICOHU104_SEED10_MODEL_4,3,0.0,0.268725932,0.389532034,0.491370548,FOLD_1203_WUHAN_ICOHU104_REC_SEED10_MODEL_4,1,0.0,0.301017468,0.431998364,0.5461017499999999,-0.04246633
FOLD_1203_WUHAN_ICOHU104_SEED10_MODEL_4,3,0.0,0.268725932,0.389532034,0.491370548,FOLD_1203_WUHAN_ICOHU104_REC_SEED10_MODEL_4,2,0.0,0.298546332,0.41662298,0.517290082,-0.02709094599999995
FOLD_1203_WUHAN_ICOHU104_SEED10_MODEL_4,3,0.0,0.08489965299999999,0.181064726,0.252234352,FOLD_1203_WUHAN_ICOHU104_REC_SEED10_MODEL_4,0,0.0,0.11895077679999999,0.238430996,0.34877590199999997,-0.05736627
FOLD_1203_WUHAN_ICOHU104_SEED10_MODEL_4,3,0.0,0.08489965299999999,0.181064726,0.252234352,FOLD_1203_WUHAN_ICOHU104_REC_SEED10_MODEL_4,1,0.0,0.120138408,0.24817529,0.359963668,-0.06711056399999998
FOLD_1203_WUHAN_ICOHU104_SEED10_MODEL_4,3,0.0,0.08489965299999999,0.181064726,0.252234352,FOLD_1203_WUHAN_ICOHU104_REC_SEED10_MODEL_4,2,0.0,0.137479896,0.267478918,0.376863754,-0.086414192
FOLD_1203_WUHAN_ICOHU104_SEED10_MODEL_4,3,0.0,0.1355632978,0.245979618,0.32659411400000005,FOLD_1203_WUHAN_ICOHU104_REC_SEED10_MODEL_4,0,0.0,0.180891896,0.345042804,0.507128114,-0.09906318599999997
FOLD_1203_WUHAN_ICOHU104_SEED10_MODEL_4,3,0.0,0.1355632978,0.245979618,0.32659411400000005,FOLD_1203_WUHAN_ICOHU104_REC_SEED10_MODEL_4,1,0.0,0.14597657800000002,0.285853108,0.41509694,-0.03987349000000001
FOLD_1203_WUHAN_ICOHU104_SEED10_MODEL_4,3,0.0,0.1355632978,0.245979618,0.32659411400000005,FOLD_1203_WUHAN_ICOHU104_REC_SEED10_MODEL_4,2,0.0,0.165715996,0.304466852,0.42160930199999996,-0.058487234
FOLD_1203_WUHAN_ICOHU104_SEED10_MODEL_4,3,0.0,0.0984711492,0.181552666,0.25731972399999997,FOLD_1203_WUHAN_ICOHU104_REC_SEED10_MODEL_4,0,0.0,0.138713652,0.27950422,0.42740997599999997,-0.09795155400000002
FOLD_1203_WUHAN_ICOHU104_SEED10_MODEL_4,3,0.0,0.0984711492,0.181552666,0.25731972399999997,FOLD_1203_WUHAN_ICOHU104_REC_SEED10_MODEL_4,1,0.0,0.102107111,0.216398658,0.35199704,-0.03484599199999999
FOLD_1203_WUHAN_ICOHU104_SEED10_MODEL_4,3,0.0,0.0984711492,0.181552666,0.25731972399999997,FOLD_1203_WUHAN_ICOHU104_REC_SEED10_MODEL_4,2,0.0,0.132135106,0.257028914,0.396208934,-0.075476248
FOLD_1203_WUHAN_ICOHU104_SEED10_MODEL_4,3,0.0,0.0931792882,0.179009249,0.26278796400000004,FOLD_1203_WUHAN_ICOHU104_REC_SEED10_MODEL_4,0,0.0,0.1357812182,0.275729196,0.426009316,-0.096719947
FOLD_1203_WUHAN_ICOHU104_SEED10_MODEL_4,3,0.0,0.0931792882,0.179009249,0.26278796400000004,FOLD_1203_WUHAN_ICOHU104_REC_SEED10_MODEL_4,1,0.0,0.1025795562,0.21672181799999998,0.352236406,-0.037712568999999974
FOLD_1203_WUHAN_ICOHU104_SEED10_MODEL_4,3,0.0,0.0931792882,0.179009249,0.26278796400000004,FOLD_1203_WUHAN_ICOHU104_REC_SEED10_MODEL_4,2,0.0,0.11890310239999999,0.23245206000000002,0.35671147400000003,-0.05344281100000001
FOLD_1203_WUHAN_ICOHU104_SEED10_MODEL_4,3,0.0,0.1110324166,0.206677926,0.28315295,FOLD_1203_WUHAN_ICOHU104_REC_SEED10_MODEL_4,0,0.0,0.17723691800000002,0.325422302,0.455903252,-0.11874437599999998
FOLD_1203_WUHAN_ICOHU104_SEED10_MODEL_4,3,0.0,0.1110324166,0.206677926,0.28315295,FOLD_1203_WUHAN_ICOHU104_REC_SEED10_MODEL_4,1,0.0,0.142989178,0.275121256,0.39892686800000005,-0.06844332999999997
FOLD_1203_WUHAN_ICOHU104_SEED10_MODEL_4,3,0.0,0.1110324166,0.206677926,0.28315295,FOLD_1203_WUHAN_ICOHU104_REC_SEED10_MODEL_4,2,0.0,0.1512593108,0.27809103199999996,0.39194663199999996,-0.07141310599999995
FOLD_1203_WUHAN_ICOHU104_SEED10_MODEL_4,3,0.0,0.07994361400000001,0.15047441,0.22039960399999997,FOLD_1203_WUHAN_ICOHU104_REC_SEED10_MODEL_4,0,0.0,0.14285595499999998,0.271756656,0.397743204,-0.12128224599999998
FOLD_1203_WUHAN_ICOHU104_SEED10_MODEL_4,3,0.0,0.07994361400000001,0.15047441,0.22039960399999997,FOLD_1203_WUHAN_ICOHU104_REC_SEED10_MODEL_4,1,0.0,0.10006434099999999,0.20778237800000002,0.33726745399999997,-0.057307968000000015
FOLD_1203_WUHAN_ICOHU104_SEED10_MODEL_4,3,0.0,0.07994361400000001,0.15047441,0.22039960399999997,FOLD_1203_WUHAN_ICOHU104_REC_SEED10_MODEL_4,2,0.0,0.11991301400000001,0.23291756599999996,0.366641582,-0.08244315599999996
FOLD_1203_WUHAN_ICOHU104_SEED10_MODEL_4,3,0.0,0.0773179274,0.1457165532,0.210000496,FOLD_1203_WUHAN_ICOHU104_REC_SEED10_MODEL_4,0,0.0,0.1408900308,0.269837694,0.398637826,-0.12412114080000003
FOLD_1203_WUHAN_ICOHU104_SEED10_MODEL_4,3,0.0,0.0773179274,0.1457165532,0.210000496,FOLD_1203_WUHAN_ICOHU104_REC_SEED10_MODEL_4,1,0.0,0.0970187768,0.20157754,0.32988658000000004,-0.05586098680000001
FOLD_1203_WUHAN_ICOHU104_SEED10_MODEL_4,3,0.0,0.0773179274,0.1457165532,0.210000496,FOLD_1203_WUHAN_ICOHU104_REC_SEED10_MODEL_4,2,0.0,0.1098779248,0.212822568,0.3310609,-0.0671060148
FOLD_1203_WUHAN_ICOHU104_SEED10_MODEL_4,3,0.0,0.0920945304,0.17865462999999998,0.257474976,FOLD_1203_WUHAN_ICOHU104_REC_SEED10_MODEL_4,0,0.0,0.150236076,0.287467786,0.422405998,-0.10881315600000002
FOLD_1203_WUHAN_ICOHU104_SEED10_MODEL_4,3,0.0,0.0920945304,0.17865462999999998,0.257474976,FOLD_1203_WUHAN_ICOHU104_REC_SEED10_MODEL_4,1,0.0,0.1229239872,0.245372886,0.373938314,-0.06671825600000003
FOLD_1203_WUHAN_ICOHU104_SEED10_MODEL_4,3,0.0,0.0920945304,0.17865462999999998,0.257474976,FOLD_1203_WUHAN_ICOHU104_REC_SEED10_MODEL_4,2,0.0,0.129594723,0.24990652,0.37124505,-0.07125189000000001
FOLD_1203_WUHAN_ICOHU104_SEED10_MODEL_4,3,0.0,0.06576038640000001,0.1285472072,0.198704462,FOLD_1203_WUHAN_ICOHU104_REC_SEED10_MODEL_4,0,0.0,0.1219801428,0.242468162,0.385447836,-0.11392095479999997
FOLD_1203_WUHAN_ICOHU104_SEED10_MODEL_4,3,0.0,0.06576038640000001,0.1285472072,0.198704462,FOLD_1203_WUHAN_ICOHU104_REC_SEED10_MODEL_4,1,0.0,0.0854057456,0.183251248,0.313633388,-0.05470404079999999
FOLD_1203_WUHAN_ICOHU104_SEED10_MODEL_4,3,0.0,0.06576038640000001,0.1285472072,0.198704462,FOLD_1203_WUHAN_ICOHU104_REC_SEED10_MODEL_4,2,0.0,0.101742008,0.206809768,0.34470329,-0.07826256079999999
FOLD_1203_WUHAN_ICOHU104_SEED10_MODEL_4,3,0.0,0.0637430054,0.12466563320000001,0.18936769199999998,FOLD_1203_WUHAN_ICOHU104_REC_SEED10_MODEL_4,0,0.0,0.12050214699999999,0.240843628,0.38617022,-0.11617799479999999
FOLD_1203_WUHAN_ICOHU104_SEED10_MODEL_4,3,0.0,0.0637430054,0.12466563320000001,0.18936769199999998,FOLD_1203_WUHAN_ICOHU104_REC_SEED10_MODEL_4,1,0.0,0.0825553152,0.177330926,0.306324078,-0.052665292799999985
FOLD_1203_WUHAN_ICOHU104_SEED10_MODEL_4,3,0.0,0.0637430054,0.12466563320000001,0.18936769199999998,FOLD_1203_WUHAN_ICOHU104_REC_SEED10_MODEL_4,2,0.0,0.0902907008,0.183860128,0.306567608,-0.0591944948
FOLD_1203_WUHAN_ICOHU104_SEED10_MODEL_4,3,0.0,0.15869926080000002,0.245692966,0.374788522,FOLD_1203_WUHAN_ICOHU104_REC_SEED10_MODEL_4,0,0.0,0.191861208,0.296569274,0.450967164,-0.05087630799999998
FOLD_1203_WUHAN_ICOHU104_SEED10_MODEL_4,3,0.0,0.15869926080000002,0.245692966,0.374788522,FOLD_1203_WUHAN_ICOHU104_REC_SEED10_MODEL_4,1,0.0,0.166525054,0.247687188,0.358242006,-0.00199422199999999
FOLD_1203_WUHAN_ICOHU104_SEED10_MODEL_4,3,0.0,0.15869926080000002,0.245692966,0.374788522,FOLD_1203_WUHAN_ICOHU104_REC_SEED10_MODEL_4,2,0.0,0.19377343800000002,0.302720202,0.470793444,-0.05702723599999998
FOLD_1203_WUHAN_ICOHU104_SEED10_MODEL_4,3,0.0,0.12312812399999999,0.22066143400000002,0.35193602999999996,FOLD_1203_WUHAN_ICOHU104_REC_SEED10_MODEL_4,0,0.0,0.298671672,0.386534004,0.498573312,-0.16587256999999997
FOLD_1203_WUHAN_ICOHU104_SEED10_MODEL_4,3,0.0,0.12312812399999999,0.22066143400000002,0.35193602999999996,FOLD_1203_WUHAN_ICOHU104_REC_SEED10_MODEL_4,1,0.0,0.19871436599999998,0.28510145,0.41667031200000004,-0.06444001599999996
FOLD_1203_WUHAN_ICOHU104_SEED10_MODEL_4,3,0.0,0.12312812399999999,0.22066143400000002,0.35193602999999996,FOLD_1203_WUHAN_ICOHU104_REC_SEED10_MODEL_4,2,0.0,0.1521134,0.23279999399999998,0.371984096,-0.012138559999999965
FOLD_1203_WUHAN_ICOHU104_SEED10_MODEL_4,3,0.0,0.15341915,0.263950348,0.398192842,FOLD_1203_WUHAN_ICOHU104_REC_SEED10_MODEL_4,0,0.0,0.313443504,0.40581386999999997,0.5309861739999999,-0.14186352199999996
FOLD_1203_WUHAN_ICOHU104_SEED10_MODEL_4,3,0.0,0.15341915,0.263950348,0.398192842,FOLD_1203_WUHAN_ICOHU104_REC_SEED10_MODEL_4,1,0.0,0.22938343,0.32686814799999997,0.46774048199999996,-0.06291779999999997
FOLD_1203_WUHAN_ICOHU104_SEED10_MODEL_4,3,0.0,0.15341915,0.263950348,0.398192842,FOLD_1203_WUHAN_ICOHU104_REC_SEED10_MODEL_4,2,0.0,0.16690244599999998,0.253251872,0.383399938,0.010698476000000012
FOLD_1203_WUHAN_ICOHU104_SEED10_MODEL_4,3,0.0,0.1691988,0.28963562400000004,0.43858857999999995,FOLD_1203_WUHAN_ICOHU104_REC_SEED10_MODEL_4,0,0.0,0.331621676,0.423034114,0.547226882,-0.13339848999999998
FOLD_1203_WUHAN_ICOHU104_SEED10_MODEL_4,3,0.0,0.1691988,0.28963562400000004,0.43858857999999995,FOLD_1203_WUHAN_ICOHU104_REC_SEED10_MODEL_4,1,0.0,0.26230399,0.370327848,0.51831761,-0.08069222399999998
FOLD_1203_WUHAN_ICOHU104_SEED10_MODEL_4,3,0.0,0.1691988,0.28963562400000004,0.43858857999999995,FOLD_1203_WUHAN_ICOHU104_REC_SEED10_MODEL_4,2,0.0,0.197409006,0.30176229,0.445809662,-0.012126665999999953
FOLD_1203_WUHAN_ICOHU104_SEED10_MODEL_4,4,0.0,0.19382698,0.29170667,0.42490777600000007,FOLD_1203_WUHAN_ICOHU104_REC_SEED10_MODEL_4,0,0.0,0.13114587279999998,0.22227846599999998,0.381561306,0.06942820400000002
FOLD_1203_WUHAN_ICOHU104_SEED10_MODEL_4,4,0.0,0.19382698,0.29170667,0.42490777600000007,FOLD_1203_WUHAN_ICOHU104_REC_SEED10_MODEL_4,1,0.0,0.148482,0.248796624,0.40716293400000003,0.04291004600000001
FOLD_1203_WUHAN_ICOHU104_SEED10_MODEL_4,4,0.0,0.19382698,0.29170667,0.42490777600000007,FOLD_1203_WUHAN_ICOHU104_REC_SEED10_MODEL_4,2,0.0,0.128204855,0.222156084,0.38898990600000005,0.069550586
FOLD_1203_WUHAN_ICOHU104_SEED10_MODEL_4,4,0.0,0.212321178,0.319488638,0.454338056,FOLD_1203_WUHAN_ICOHU104_REC_SEED10_MODEL_4,0,0.0,0.157039676,0.266496418,0.42959363,0.05299221999999998
FOLD_1203_WUHAN_ICOHU104_SEED10_MODEL_4,4,0.0,0.212321178,0.319488638,0.454338056,FOLD_1203_WUHAN_ICOHU104_REC_SEED10_MODEL_4,1,0.0,0.18554896599999998,0.30251904,0.45344206600000003,0.016969597999999975
FOLD_1203_WUHAN_ICOHU104_SEED10_MODEL_4,4,0.0,0.212321178,0.319488638,0.454338056,FOLD_1203_WUHAN_ICOHU104_REC_SEED10_MODEL_4,2,0.0,0.15426852200000002,0.265511836,0.43288507000000004,0.05397680199999999
FOLD_1203_WUHAN_ICOHU104_SEED10_MODEL_4,4,0.0,0.293663032,0.44205289,0.542512934,FOLD_1203_WUHAN_ICOHU104_REC_SEED10_MODEL_4,0,0.0,0.27644255,0.42288901799999995,0.5482133379999999,0.019163872000000026
FOLD_1203_WUHAN_ICOHU104_SEED10_MODEL_4,4,0.0,0.293663032,0.44205289,0.542512934,FOLD_1203_WUHAN_ICOHU104_REC_SEED10_MODEL_4,1,0.0,0.288326444,0.434354074,0.547180738,0.007698815999999997
FOLD_1203_WUHAN_ICOHU104_SEED10_MODEL_4,4,0.0,0.293663032,0.44205289,0.542512934,FOLD_1203_WUHAN_ICOHU104_REC_SEED10_MODEL_4,2,0.0,0.300404546,0.446309596,0.551135226,-0.004256705999999999
FOLD_1203_WUHAN_ICOHU104_SEED10_MODEL_4,4,0.0,0.17251138800000002,0.289946162,0.430488934,FOLD_1203_WUHAN_ICOHU104_REC_SEED10_MODEL_4,0,0.0,0.22607181,0.331913244,0.477130878,-0.04196708199999999
FOLD_1203_WUHAN_ICOHU104_SEED10_MODEL_4,4,0.0,0.17251138800000002,0.289946162,0.430488934,FOLD_1203_WUHAN_ICOHU104_REC_SEED10_MODEL_4,1,0.0,0.21505409800000003,0.31840914800000003,0.41794354599999994,-0.028462986000000023
FOLD_1203_WUHAN_ICOHU104_SEED10_MODEL_4,4,0.0,0.17251138800000002,0.289946162,0.430488934,FOLD_1203_WUHAN_ICOHU104_REC_SEED10_MODEL_4,2,0.0,0.192288314,0.297738998,0.43840106599999995,-0.00779283599999997
FOLD_1203_WUHAN_ICOHU104_SEED10_MODEL_4,4,0.0,0.208477912,0.33540684,0.525476826,FOLD_1203_WUHAN_ICOHU104_REC_SEED10_MODEL_4,0,0.0,0.213313344,0.306830744,0.477971884,0.028576095999999995
FOLD_1203_WUHAN_ICOHU104_SEED10_MODEL_4,4,0.0,0.208477912,0.33540684,0.525476826,FOLD_1203_WUHAN_ICOHU104_REC_SEED10_MODEL_4,1,0.0,0.19844592,0.295842182,0.43470618200000005,0.039564657999999975
FOLD_1203_WUHAN_ICOHU104_SEED10_MODEL_4,4,0.0,0.208477912,0.33540684,0.525476826,FOLD_1203_WUHAN_ICOHU104_REC_SEED10_MODEL_4,2,0.0,0.167272626,0.278335896,0.450081738,0.05707094399999996
FOLD_1203_WUHAN_ICOHU104_SEED10_MODEL_4,4,0.0,0.160220816,0.231130078,0.334195664,FOLD_1203_WUHAN_ICOHU104_REC_SEED10_MODEL_4,0,0.0,0.092138144,0.15135035000000002,0.262711862,0.07977972799999997
FOLD_1203_WUHAN_ICOHU104_SEED10_MODEL_4,4,0.0,0.160220816,0.231130078,0.334195664,FOLD_1203_WUHAN_ICOHU104_REC_SEED10_MODEL_4,1,0.0,0.090635245,0.14521243,0.22968756799999998,0.08591764799999999
FOLD_1203_WUHAN_ICOHU104_SEED10_MODEL_4,4,0.0,0.160220816,0.231130078,0.334195664,FOLD_1203_WUHAN_ICOHU104_REC_SEED10_MODEL_4,2,0.0,0.1426683792,0.22492829199999997,0.336442428,0.006201786000000015
FOLD_1203_WUHAN_ICOHU104_SEED10_MODEL_4,4,0.0,0.153890628,0.222344226,0.31746347799999997,FOLD_1203_WUHAN_ICOHU104_REC_SEED10_MODEL_4,0,0.0,0.097321967,0.157388474,0.26224674600000003,0.064955752
FOLD_1203_WUHAN_ICOHU104_SEED10_MODEL_4,4,0.0,0.153890628,0.222344226,0.31746347799999997,FOLD_1203_WUHAN_ICOHU104_REC_SEED10_MODEL_4,1,0.0,0.09178845799999999,0.144697308,0.222476744,0.07764691800000001
FOLD_1203_WUHAN_ICOHU104_SEED10_MODEL_4,4,0.0,0.153890628,0.222344226,0.31746347799999997,FOLD_1203_WUHAN_ICOHU104_REC_SEED10_MODEL_4,2,0.0,0.1669504,0.24516907599999999,0.35467833,-0.02282484999999998
FOLD_1203_WUHAN_ICOHU104_SEED10_MODEL_4,4,0.0,0.169806224,0.241372196,0.333116328,FOLD_1203_WUHAN_ICOHU104_REC_SEED10_MODEL_4,0,0.0,0.1010310762,0.16162006,0.26645198,0.079752136
FOLD_1203_WUHAN_ICOHU104_SEED10_MODEL_4,4,0.0,0.169806224,0.241372196,0.333116328,FOLD_1203_WUHAN_ICOHU104_REC_SEED10_MODEL_4,1,0.0,0.093820576,0.1438289008,0.218263432,0.09754329520000002
FOLD_1203_WUHAN_ICOHU104_SEED10_MODEL_4,4,0.0,0.169806224,0.241372196,0.333116328,FOLD_1203_WUHAN_ICOHU104_REC_SEED10_MODEL_4,2,0.0,0.14317472199999998,0.215001932,0.325842884,0.026370264000000004
FOLD_1203_WUHAN_ICOHU104_SEED10_MODEL_4,4,0.0,0.20305894200000002,0.28815402,0.38987002,FOLD_1203_WUHAN_ICOHU104_REC_SEED10_MODEL_4,0,0.0,0.126066361,0.20366651600000002,0.328819786,0.08448750399999999
FOLD_1203_WUHAN_ICOHU104_SEED10_MODEL_4,4,0.0,0.20305894200000002,0.28815402,0.38987002,FOLD_1203_WUHAN_ICOHU104_REC_SEED10_MODEL_4,1,0.0,0.1287020828,0.19829106400000002,0.296384898,0.089862956
FOLD_1203_WUHAN_ICOHU104_SEED10_MODEL_4,4,0.0,0.20305894200000002,0.28815402,0.38987002,FOLD_1203_WUHAN_ICOHU104_REC_SEED10_MODEL_4,2,0.0,0.181244154,0.271761804,0.395857978,0.016392216000000015
FOLD_1203_WUHAN_ICOHU104_SEED10_MODEL_4,4,0.0,0.0843680712,0.157285098,0.23840915799999998,FOLD_1203_WUHAN_ICOHU104_REC_SEED10_MODEL_4,0,0.0,0.0708004064,0.139430253,0.242388098,0.017854845000000008
FOLD_1203_WUHAN_ICOHU104_SEED10_MODEL_4,4,0.0,0.0843680712,0.157285098,0.23840915799999998,FOLD_1203_WUHAN_ICOHU104_REC_SEED10_MODEL_4,1,0.0,0.0716979064,0.1370026,0.21909313199999997,0.02028249800000001
FOLD_1203_WUHAN_ICOHU104_SEED10_MODEL_4,4,0.0,0.0843680712,0.157285098,0.23840915799999998,FOLD_1203_WUHAN_ICOHU104_REC_SEED10_MODEL_4,2,0.0,0.0908146518,0.181301152,0.31354497800000003,-0.02401605399999998
FOLD_1203_WUHAN_ICOHU104_SEED10_MODEL_4,4,0.0,0.0654187604,0.1428417552,0.259453814,FOLD_1203_WUHAN_ICOHU104_REC_SEED10_MODEL_4,0,0.0,0.0874314972,0.20429926800000003,0.41571694800000003,-0.06145751280000003
FOLD_1203_WUHAN_ICOHU104_SEED10_MODEL_4,4,0.0,0.0654187604,0.1428417552,0.259453814,FOLD_1203_WUHAN_ICOHU104_REC_SEED10_MODEL_4,1,0.0,0.0947271828,0.2043574548,0.37716880399999997,-0.0615156996
FOLD_1203_WUHAN_ICOHU104_SEED10_MODEL_4,4,0.0,0.0654187604,0.1428417552,0.259453814,FOLD_1203_WUHAN_ICOHU104_REC_SEED10_MODEL_4,2,0.0,0.0916254248,0.21255676599999998,0.42440276800000004,-0.06971501079999998
FOLD_1203_WUHAN_ICOHU104_SEED10_MODEL_4,4,0.0,0.0644966884,0.140794542,0.253907212,FOLD_1203_WUHAN_ICOHU104_REC_SEED10_MODEL_4,0,0.0,0.080715298,0.1910851572,0.39078013599999994,-0.0502906152
FOLD_1203_WUHAN_ICOHU104_SEED10_MODEL_4,4,0.0,0.0644966884,0.140794542,0.253907212,FOLD_1203_WUHAN_ICOHU104_REC_SEED10_MODEL_4,1,0.0,0.089066287,0.194492228,0.35914188999999996,-0.053697685999999994
FOLD_1203_WUHAN_ICOHU104_SEED10_MODEL_4,4,0.0,0.0644966884,0.140794542,0.253907212,FOLD_1203_WUHAN_ICOHU104_REC_SEED10_MODEL_4,2,0.0,0.0835105926,0.197712644,0.40117239600000004,-0.056918102
FOLD_1203_WUHAN_ICOHU104_SEED10_MODEL_4,4,0.0,0.0659378276,0.15076576000000003,0.269122836,FOLD_1203_WUHAN_ICOHU104_REC_SEED10_MODEL_4,0,0.0,0.0728658602,0.186150481,0.39774539400000003,-0.03538472099999998
FOLD_1203_WUHAN_ICOHU104_SEED10_MODEL_4,4,0.0,0.0659378276,0.15076576000000003,0.269122836,FOLD_1203_WUHAN_ICOHU104_REC_SEED10_MODEL_4,1,0.0,0.0821005588,0.19148642600000002,0.367234002,-0.04072066599999999
FOLD_1203_WUHAN_ICOHU104_SEED10_MODEL_4,4,0.0,0.0659378276,0.15076576000000003,0.269122836,FOLD_1203_WUHAN_ICOHU104_REC_SEED10_MODEL_4,2,0.0,0.076006821,0.193072118,0.40828384399999995,-0.04230635799999996
FOLD_1203_WUHAN_ICOHU104_SEED10_MODEL_4,4,0.0,0.11889250120000001,0.219035818,0.409357406,FOLD_1203_WUHAN_ICOHU104_REC_SEED10_MODEL_4,0,0.0,0.122093229,0.25888184999999997,0.5178182060000001,-0.039846031999999976
FOLD_1203_WUHAN_ICOHU104_SEED10_MODEL_4,4,0.0,0.11889250120000001,0.219035818,0.409357406,FOLD_1203_WUHAN_ICOHU104_REC_SEED10_MODEL_4,1,0.0,0.1133832728,0.23925746399999998,0.489327634,-0.020221645999999982
FOLD_1203_WUHAN_ICOHU104_SEED10_MODEL_4,4,0.0,0.11889250120000001,0.219035818,0.409357406,FOLD_1203_WUHAN_ICOHU104_REC_SEED10_MODEL_4,2,0.0,0.118235935,0.249180636,0.5171612839999999,-0.030144818000000018
FOLD_1203_WUHAN_ICOHU104_SEED10_MODEL_4,4,0.0,0.0427862426,0.12422157599999999,0.30657967799999997,FOLD_1203_WUHAN_ICOHU104_REC_SEED10_MODEL_4,0,0.0,0.0695534118,0.186793936,0.43888269199999996,-0.06257236000000001
FOLD_1203_WUHAN_ICOHU104_SEED10_MODEL_4,4,0.0,0.0427862426,0.12422157599999999,0.30657967799999997,FOLD_1203_WUHAN_ICOHU104_REC_SEED10_MODEL_4,1,0.0,0.060688666599999996,0.15499479,0.37067122399999997,-0.030773214000000007
FOLD_1203_WUHAN_ICOHU104_SEED10_MODEL_4,4,0.0,0.0427862426,0.12422157599999999,0.30657967799999997,FOLD_1203_WUHAN_ICOHU104_REC_SEED10_MODEL_4,2,0.0,0.055539983800000005,0.155602227,0.412365842,-0.03138065100000002
FOLD_1203_WUHAN_ICOHU104_SEED10_MODEL_4,4,0.0,0.131558168,0.240512856,0.342934444,FOLD_1203_WUHAN_ICOHU104_REC_SEED10_MODEL_4,0,0.0,0.183079912,0.30538761000000003,0.446623708,-0.06487475400000003
FOLD_1203_WUHAN_ICOHU104_SEED10_MODEL_4,4,0.0,0.131558168,0.240512856,0.342934444,FOLD_1203_WUHAN_ICOHU104_REC_SEED10_MODEL_4,1,0.0,0.179328018,0.311770292,0.441930944,-0.07125743600000001
FOLD_1203_WUHAN_ICOHU104_SEED10_MODEL_4,4,0.0,0.131558168,0.240512856,0.342934444,FOLD_1203_WUHAN_ICOHU104_REC_SEED10_MODEL_4,2,0.0,0.157481314,0.264156696,0.387675806,-0.023643840000000027
FOLD_1203_WUHAN_ICOHU104_SEED10_MODEL_4,4,0.0,0.1303214208,0.24080839000000004,0.34901496600000004,FOLD_1203_WUHAN_ICOHU104_REC_SEED10_MODEL_4,0,0.0,0.181760964,0.303818498,0.449746984,-0.06301010799999995
FOLD_1203_WUHAN_ICOHU104_SEED10_MODEL_4,4,0.0,0.1303214208,0.24080839000000004,0.34901496600000004,FOLD_1203_WUHAN_ICOHU104_REC_SEED10_MODEL_4,1,0.0,0.17619725800000002,0.309208988,0.44508196,-0.06840059799999998
FOLD_1203_WUHAN_ICOHU104_SEED10_MODEL_4,4,0.0,0.1303214208,0.24080839000000004,0.34901496600000004,FOLD_1203_WUHAN_ICOHU104_REC_SEED10_MODEL_4,2,0.0,0.15579144220000002,0.26396929599999996,0.394505654,-0.023160905999999926
FOLD_1203_WUHAN_ICOHU104_SEED10_MODEL_4,4,0.0,0.186792042,0.340674412,0.49278432,FOLD_1203_WUHAN_ICOHU104_REC_SEED10_MODEL_4,0,0.0,0.224112532,0.377052302,0.531414364,-0.036377890000000024
FOLD_1203_WUHAN_ICOHU104_SEED10_MODEL_4,4,0.0,0.186792042,0.340674412,0.49278432,FOLD_1203_WUHAN_ICOHU104_REC_SEED10_MODEL_4,1,0.0,0.20172802399999998,0.347789742,0.5010665519999999,-0.007115330000000031
FOLD_1203_WUHAN_ICOHU104_SEED10_MODEL_4,4,0.0,0.186792042,0.340674412,0.49278432,FOLD_1203_WUHAN_ICOHU104_REC_SEED10_MODEL_4,2,0.0,0.19125724,0.33590221800000003,0.495907306,0.004772193999999952
FOLD_1203_WUHAN_ICOHU104_SEED10_MODEL_4,4,0.0,0.191279174,0.334172038,0.49003019600000003,FOLD_1203_WUHAN_ICOHU104_REC_SEED10_MODEL_4,0,0.0,0.235529482,0.379200866,0.528958642,-0.04502882800000002
FOLD_1203_WUHAN_ICOHU104_SEED10_MODEL_4,4,0.0,0.191279174,0.334172038,0.49003019600000003,FOLD_1203_WUHAN_ICOHU104_REC_SEED10_MODEL_4,1,0.0,0.213333104,0.35495788,0.508064054,-0.020785842
FOLD_1203_WUHAN_ICOHU104_SEED10_MODEL_4,4,0.0,0.191279174,0.334172038,0.49003019600000003,FOLD_1203_WUHAN_ICOHU104_REC_SEED10_MODEL_4,2,0.0,0.195752872,0.332704752,0.491513134,0.001467286000000012
FOLD_1203_WUHAN_ICOHU104_SEED10_MODEL_4,4,0.0,0.10560067079999999,0.18733121,0.319868256,FOLD_1203_WUHAN_ICOHU104_REC_SEED10_MODEL_4,0,0.0,0.07306093799999999,0.16812902400000002,0.363283842,0.019202185999999982
FOLD_1203_WUHAN_ICOHU104_SEED10_MODEL_4,4,0.0,0.10560067079999999,0.18733121,0.319868256,FOLD_1203_WUHAN_ICOHU104_REC_SEED10_MODEL_4,1,0.0,0.07733689,0.170143697,0.362762884,0.017187512999999988
FOLD_1203_WUHAN_ICOHU104_SEED10_MODEL_4,4,0.0,0.10560067079999999,0.18733121,0.319868256,FOLD_1203_WUHAN_ICOHU104_REC_SEED10_MODEL_4,2,0.0,0.0891809106,0.19202797600000002,0.40769800400000006,-0.004696766000000019
FOLD_1203_WUHAN_ICOHU104_SEED10_MODEL_4,4,0.0,0.150177582,0.254848056,0.41072517,FOLD_1203_WUHAN_ICOHU104_REC_SEED10_MODEL_4,0,0.0,0.1042416898,0.224001222,0.433944402,0.03084683399999999
FOLD_1203_WUHAN_ICOHU104_SEED10_MODEL_4,4,0.0,0.150177582,0.254848056,0.41072517,FOLD_1203_WUHAN_ICOHU104_REC_SEED10_MODEL_4,1,0.0,0.106658585,0.217176512,0.42056853600000005,0.037671544
FOLD_1203_WUHAN_ICOHU104_SEED10_MODEL_4,4,0.0,0.150177582,0.254848056,0.41072517,FOLD_1203_WUHAN_ICOHU104_REC_SEED10_MODEL_4,2,0.0,0.1224770288,0.248708516,0.48185822,0.006139539999999999
FOLD_1203_WUHAN_ICOHU104_SEED10_MODEL_4,4,0.0,0.183592358,0.308502392,0.46368218,FOLD_1203_WUHAN_ICOHU104_REC_SEED10_MODEL_4,0,0.0,0.11942783799999998,0.246555026,0.449467016,0.061947366000000004
FOLD_1203_WUHAN_ICOHU104_SEED10_MODEL_4,4,0.0,0.183592358,0.308502392,0.46368218,FOLD_1203_WUHAN_ICOHU104_REC_SEED10_MODEL_4,1,0.0,0.11933279079999999,0.23567164,0.42844068799999996,0.07283075200000003
FOLD_1203_WUHAN_ICOHU104_SEED10_MODEL_4,4,0.0,0.183592358,0.308502392,0.46368218,FOLD_1203_WUHAN_ICOHU104_REC_SEED10_MODEL_4,2,0.0,0.15751911600000001,0.319719258,0.554523572,-0.011216865999999992
FOLD_1203_WUHAN_ICOHU104_SEED10_MODEL_4,4,0.0,0.186232428,0.30663543,0.45443278,FOLD_1203_WUHAN_ICOHU104_REC_SEED10_MODEL_4,0,0.0,0.12787107879999998,0.254293564,0.449083486,0.05234186599999996
FOLD_1203_WUHAN_ICOHU104_SEED10_MODEL_4,4,0.0,0.186232428,0.30663543,0.45443278,FOLD_1203_WUHAN_ICOHU104_REC_SEED10_MODEL_4,1,0.0,0.1285512768,0.246814736,0.433620352,0.05982069399999998
FOLD_1203_WUHAN_ICOHU104_SEED10_MODEL_4,4,0.0,0.186232428,0.30663543,0.45443278,FOLD_1203_WUHAN_ICOHU104_REC_SEED10_MODEL_4,2,0.0,0.163941848,0.324139762,0.55253262,-0.01750433200000001
FOLD_1203_WUHAN_ICOHU104_SEED10_MODEL_4,4,0.0,0.230016256,0.357406152,0.500235216,FOLD_1203_WUHAN_ICOHU104_REC_SEED10_MODEL_4,0,0.0,0.150337498,0.27726311400000003,0.46888091200000004,0.08014303799999994
FOLD_1203_WUHAN_ICOHU104_SEED10_MODEL_4,4,0.0,0.230016256,0.357406152,0.500235216,FOLD_1203_WUHAN_ICOHU104_REC_SEED10_MODEL_4,1,0.0,0.157979168,0.28426988799999997,0.46861069200000005,0.073136264
FOLD_1203_WUHAN_ICOHU104_SEED10_MODEL_4,4,0.0,0.230016256,0.357406152,0.500235216,FOLD_1203_WUHAN_ICOHU104_REC_SEED10_MODEL_4,2,0.0,0.213206442,0.378505902,0.59599009,-0.021099750000000028
FOLD_1203_WUHAN_ICOHU104_SEED10_MODEL_4,4,0.0,0.50050798,0.602630632,0.67193091,FOLD_1203_WUHAN_ICOHU104_REC_SEED10_MODEL_4,0,0.0,0.527158376,0.6115571479999999,0.687981464,-0.00892651599999994
FOLD_1203_WUHAN_ICOHU104_SEED10_MODEL_4,4,0.0,0.50050798,0.602630632,0.67193091,FOLD_1203_WUHAN_ICOHU104_REC_SEED10_MODEL_4,1,0.0,0.536302142,0.6259697799999999,0.701565598,-0.02333914799999992
FOLD_1203_WUHAN_ICOHU104_SEED10_MODEL_4,4,0.0,0.50050798,0.602630632,0.67193091,FOLD_1203_WUHAN_ICOHU104_REC_SEED10_MODEL_4,2,0.0,0.523706958,0.618281896,0.69971508,-0.015651264000000054
FOLD_1203_WUHAN_ICOHU104_SEED10_MODEL_4,4,0.0,0.473906664,0.582676364,0.666831466,FOLD_1203_WUHAN_ICOHU104_REC_SEED10_MODEL_4,0,0.0,0.503589506,0.594337372,0.684137726,-0.011661008000000028
FOLD_1203_WUHAN_ICOHU104_SEED10_MODEL_4,4,0.0,0.473906664,0.582676364,0.666831466,FOLD_1203_WUHAN_ICOHU104_REC_SEED10_MODEL_4,1,0.0,0.50998056,0.608225586,0.700667158,-0.025549221999999983
FOLD_1203_WUHAN_ICOHU104_SEED10_MODEL_4,4,0.0,0.473906664,0.582676364,0.666831466,FOLD_1203_WUHAN_ICOHU104_REC_SEED10_MODEL_4,2,0.0,0.496935582,0.598926284,0.6947392600000001,-0.01624992000000003
FOLD_1203_WUHAN_ICOHU104_SEED10_MODEL_4,4,0.0,0.47390666800000003,0.582676364,0.666831466,FOLD_1203_WUHAN_ICOHU104_REC_SEED10_MODEL_4,0,0.0,0.5035894940000001,0.59433736,0.6841377319999999,-0.011660996000000035
FOLD_1203_WUHAN_ICOHU104_SEED10_MODEL_4,4,0.0,0.47390666800000003,0.582676364,0.666831466,FOLD_1203_WUHAN_ICOHU104_REC_SEED10_MODEL_4,1,0.0,0.509980522,0.608225586,0.700667158,-0.025549221999999983
FOLD_1203_WUHAN_ICOHU104_SEED10_MODEL_4,4,0.0,0.47390666800000003,0.582676364,0.666831466,FOLD_1203_WUHAN_ICOHU104_REC_SEED10_MODEL_4,2,0.0,0.496935582,0.5989262639999999,0.69473927,-0.01624989999999993
FOLD_1203_WUHAN_ICOHU104_SEED10_MODEL_4,4,0.0,0.477908146,0.5886935799999999,0.67685195,FOLD_1203_WUHAN_ICOHU104_REC_SEED10_MODEL_4,0,0.0,0.500402788,0.5947577820000001,0.6900746520000001,-0.0060642020000001295
FOLD_1203_WUHAN_ICOHU104_SEED10_MODEL_4,4,0.0,0.477908146,0.5886935799999999,0.67685195,FOLD_1203_WUHAN_ICOHU104_REC_SEED10_MODEL_4,1,0.0,0.509375034,0.60954244,0.70548614,-0.02084886000000008
FOLD_1203_WUHAN_ICOHU104_SEED10_MODEL_4,4,0.0,0.477908146,0.5886935799999999,0.67685195,FOLD_1203_WUHAN_ICOHU104_REC_SEED10_MODEL_4,2,0.0,0.500207346,0.603948574,0.703185052,-0.015254994000000077
FOLD_1203_WUHAN_ICOHU104_SEED10_MODEL_4,4,0.0,0.477908166,0.5886935839999999,0.676851938,FOLD_1203_WUHAN_ICOHU104_REC_SEED10_MODEL_4,0,0.0,0.500402782,0.5947577820000001,0.690074678,-0.006064198000000132
FOLD_1203_WUHAN_ICOHU104_SEED10_MODEL_4,4,0.0,0.477908166,0.5886935839999999,0.676851938,FOLD_1203_WUHAN_ICOHU104_REC_SEED10_MODEL_4,1,0.0,0.509374984,0.609542404,0.705486126,-0.0208488200000001
FOLD_1203_WUHAN_ICOHU104_SEED10_MODEL_4,4,0.0,0.477908166,0.5886935839999999,0.676851938,FOLD_1203_WUHAN_ICOHU104_REC_SEED10_MODEL_4,2,0.0,0.500207346,0.603948574,0.703185034,-0.01525499000000008
FOLD_1203_WUHAN_ICOHU104_SEED10_MODEL_4,4,0.0,0.370789646,0.495229594,0.5768077359999999,FOLD_1203_WUHAN_ICOHU104_REC_SEED10_MODEL_4,0,0.0,0.41912288200000003,0.535283544,0.625068848,-0.040053950000000005
FOLD_1203_WUHAN_ICOHU104_SEED10_MODEL_4,4,0.0,0.370789646,0.495229594,0.5768077359999999,FOLD_1203_WUHAN_ICOHU104_REC_SEED10_MODEL_4,1,0.0,0.42461442399999993,0.56015457,0.663967458,-0.06492497600000002
FOLD_1203_WUHAN_ICOHU104_SEED10_MODEL_4,4,0.0,0.370789646,0.495229594,0.5768077359999999,FOLD_1203_WUHAN_ICOHU104_REC_SEED10_MODEL_4,2,0.0,0.427525016,0.5482589840000001,0.641491822,-0.053029390000000065
FOLD_1203_WUHAN_ICOHU104_SEED10_MODEL_4,4,0.0,0.387621312,0.5494695519999999,0.6243878900000001,FOLD_1203_WUHAN_ICOHU104_REC_SEED10_MODEL_4,0,0.0,0.43035669800000004,0.58804873,0.663710282,-0.0385791780000001
FOLD_1203_WUHAN_ICOHU104_SEED10_MODEL_4,4,0.0,0.387621312,0.5494695519999999,0.6243878900000001,FOLD_1203_WUHAN_ICOHU104_REC_SEED10_MODEL_4,1,0.0,0.424013104,0.600148834,0.699031244,-0.05067928200000005
FOLD_1203_WUHAN_ICOHU104_SEED10_MODEL_4,4,0.0,0.387621312,0.5494695519999999,0.6243878900000001,FOLD_1203_WUHAN_ICOHU104_REC_SEED10_MODEL_4,2,0.0,0.470440496,0.633887278,0.71868868,-0.08441772600000008
FOLD_1203_WUHAN_ICOHU104_SEED10_MODEL_4,4,0.0,0.3566349,0.47993918,0.5686956000000001,FOLD_1203_WUHAN_ICOHU104_REC_SEED10_MODEL_4,0,0.0,0.401688524,0.519478176,0.619699338,-0.03953899599999999
FOLD_1203_WUHAN_ICOHU104_SEED10_MODEL_4,4,0.0,0.3566349,0.47993918,0.5686956000000001,FOLD_1203_WUHAN_ICOHU104_REC_SEED10_MODEL_4,1,0.0,0.40254472,0.543259678,0.660599438,-0.06332049799999995
FOLD_1203_WUHAN_ICOHU104_SEED10_MODEL_4,4,0.0,0.3566349,0.47993918,0.5686956000000001,FOLD_1203_WUHAN_ICOHU104_REC_SEED10_MODEL_4,2,0.0,0.408194342,0.529016642,0.629863332,-0.04907746199999996
FOLD_1203_WUHAN_ICOHU104_SEED10_MODEL_4,4,0.0,0.37264204999999995,0.534240154,0.6169257800000001,FOLD_1203_WUHAN_ICOHU104_REC_SEED10_MODEL_4,0,0.0,0.413040876,0.572466154,0.658958472,-0.03822599999999998
FOLD_1203_WUHAN_ICOHU104_SEED10_MODEL_4,4,0.0,0.37264204999999995,0.534240154,0.6169257800000001,FOLD_1203_WUHAN_ICOHU104_REC_SEED10_MODEL_4,1,0.0,0.40211522000000005,0.583602392,0.6959205980000001,-0.04936223799999995
FOLD_1203_WUHAN_ICOHU104_SEED10_MODEL_4,4,0.0,0.37264204999999995,0.534240154,0.6169257800000001,FOLD_1203_WUHAN_ICOHU104_REC_SEED10_MODEL_4,2,0.0,0.45055213599999994,0.6155197880000001,0.7091557479999999,-0.08127963400000005
FOLD_1203_WUHAN_ICOHU104_SEED10_MODEL_4,4,0.0,0.26744840999999997,0.38682686200000005,0.48396422,FOLD_1203_WUHAN_ICOHU104_REC_SEED10_MODEL_4,0,0.0,0.29502494,0.416663214,0.521963264,-0.029836351999999955
FOLD_1203_WUHAN_ICOHU104_SEED10_MODEL_4,4,0.0,0.26744840999999997,0.38682686200000005,0.48396422,FOLD_1203_WUHAN_ICOHU104_REC_SEED10_MODEL_4,1,0.0,0.301017468,0.431998364,0.5461017499999999,-0.045171501999999975
FOLD_1203_WUHAN_ICOHU104_SEED10_MODEL_4,4,0.0,0.26744840999999997,0.38682686200000005,0.48396422,FOLD_1203_WUHAN_ICOHU104_REC_SEED10_MODEL_4,2,0.0,0.298546332,0.41662298,0.517290082,-0.029796117999999927
FOLD_1203_WUHAN_ICOHU104_SEED10_MODEL_4,4,0.0,0.0868629176,0.18334721199999998,0.266466774,FOLD_1203_WUHAN_ICOHU104_REC_SEED10_MODEL_4,0,0.0,0.11895077679999999,0.238430996,0.34877590199999997,-0.055083784000000025
FOLD_1203_WUHAN_ICOHU104_SEED10_MODEL_4,4,0.0,0.0868629176,0.18334721199999998,0.266466774,FOLD_1203_WUHAN_ICOHU104_REC_SEED10_MODEL_4,1,0.0,0.120138408,0.24817529,0.359963668,-0.06482807800000001
FOLD_1203_WUHAN_ICOHU104_SEED10_MODEL_4,4,0.0,0.0868629176,0.18334721199999998,0.266466774,FOLD_1203_WUHAN_ICOHU104_REC_SEED10_MODEL_4,2,0.0,0.137479896,0.267478918,0.376863754,-0.08413170600000003
FOLD_1203_WUHAN_ICOHU104_SEED10_MODEL_4,4,0.0,0.1590291808,0.287669884,0.390380468,FOLD_1203_WUHAN_ICOHU104_REC_SEED10_MODEL_4,0,0.0,0.180891896,0.345042804,0.507128114,-0.057372919999999994
FOLD_1203_WUHAN_ICOHU104_SEED10_MODEL_4,4,0.0,0.1590291808,0.287669884,0.390380468,FOLD_1203_WUHAN_ICOHU104_REC_SEED10_MODEL_4,1,0.0,0.14597657800000002,0.285853108,0.41509694,0.0018167759999999644
FOLD_1203_WUHAN_ICOHU104_SEED10_MODEL_4,4,0.0,0.1590291808,0.287669884,0.390380468,FOLD_1203_WUHAN_ICOHU104_REC_SEED10_MODEL_4,2,0.0,0.165715996,0.304466852,0.42160930199999996,-0.016796968000000023
FOLD_1203_WUHAN_ICOHU104_SEED10_MODEL_4,4,0.0,0.10593480799999999,0.1966512588,0.28800483800000004,FOLD_1203_WUHAN_ICOHU104_REC_SEED10_MODEL_4,0,0.0,0.138713652,0.27950422,0.42740997599999997,-0.08285296120000002
FOLD_1203_WUHAN_ICOHU104_SEED10_MODEL_4,4,0.0,0.10593480799999999,0.1966512588,0.28800483800000004,FOLD_1203_WUHAN_ICOHU104_REC_SEED10_MODEL_4,1,0.0,0.102107111,0.216398658,0.35199704,-0.019747399199999988
FOLD_1203_WUHAN_ICOHU104_SEED10_MODEL_4,4,0.0,0.10593480799999999,0.1966512588,0.28800483800000004,FOLD_1203_WUHAN_ICOHU104_REC_SEED10_MODEL_4,2,0.0,0.132135106,0.257028914,0.396208934,-0.06037765519999999
FOLD_1203_WUHAN_ICOHU104_SEED10_MODEL_4,4,0.0,0.098548445,0.185843554,0.271491032,FOLD_1203_WUHAN_ICOHU104_REC_SEED10_MODEL_4,0,0.0,0.1357812182,0.275729196,0.426009316,-0.08988564200000002
FOLD_1203_WUHAN_ICOHU104_SEED10_MODEL_4,4,0.0,0.098548445,0.185843554,0.271491032,FOLD_1203_WUHAN_ICOHU104_REC_SEED10_MODEL_4,1,0.0,0.1025795562,0.21672181799999998,0.352236406,-0.03087826399999999
FOLD_1203_WUHAN_ICOHU104_SEED10_MODEL_4,4,0.0,0.098548445,0.185843554,0.271491032,FOLD_1203_WUHAN_ICOHU104_REC_SEED10_MODEL_4,2,0.0,0.11890310239999999,0.23245206000000002,0.35671147400000003,-0.04660850600000002
FOLD_1203_WUHAN_ICOHU104_SEED10_MODEL_4,4,0.0,0.1543675692,0.27903784200000004,0.37440766999999997,FOLD_1203_WUHAN_ICOHU104_REC_SEED10_MODEL_4,0,0.0,0.17723691800000002,0.325422302,0.455903252,-0.04638445999999996
FOLD_1203_WUHAN_ICOHU104_SEED10_MODEL_4,4,0.0,0.1543675692,0.27903784200000004,0.37440766999999997,FOLD_1203_WUHAN_ICOHU104_REC_SEED10_MODEL_4,1,0.0,0.142989178,0.275121256,0.39892686800000005,0.003916586000000055
FOLD_1203_WUHAN_ICOHU104_SEED10_MODEL_4,4,0.0,0.1543675692,0.27903784200000004,0.37440766999999997,FOLD_1203_WUHAN_ICOHU104_REC_SEED10_MODEL_4,2,0.0,0.1512593108,0.27809103199999996,0.39194663199999996,0.0009468100000000756
FOLD_1203_WUHAN_ICOHU104_SEED10_MODEL_4,4,0.0,0.1025207726,0.189344918,0.274249646,FOLD_1203_WUHAN_ICOHU104_REC_SEED10_MODEL_4,0,0.0,0.14285595499999998,0.271756656,0.397743204,-0.08241173799999998
FOLD_1203_WUHAN_ICOHU104_SEED10_MODEL_4,4,0.0,0.1025207726,0.189344918,0.274249646,FOLD_1203_WUHAN_ICOHU104_REC_SEED10_MODEL_4,1,0.0,0.10006434099999999,0.20778237800000002,0.33726745399999997,-0.018437460000000017
FOLD_1203_WUHAN_ICOHU104_SEED10_MODEL_4,4,0.0,0.1025207726,0.189344918,0.274249646,FOLD_1203_WUHAN_ICOHU104_REC_SEED10_MODEL_4,2,0.0,0.11991301400000001,0.23291756599999996,0.366641582,-0.043572647999999964
FOLD_1203_WUHAN_ICOHU104_SEED10_MODEL_4,4,0.0,0.0993744008,0.18322702400000002,0.26370173,FOLD_1203_WUHAN_ICOHU104_REC_SEED10_MODEL_4,0,0.0,0.1408900308,0.269837694,0.398637826,-0.08661067
FOLD_1203_WUHAN_ICOHU104_SEED10_MODEL_4,4,0.0,0.0993744008,0.18322702400000002,0.26370173,FOLD_1203_WUHAN_ICOHU104_REC_SEED10_MODEL_4,1,0.0,0.0970187768,0.20157754,0.32988658000000004,-0.018350515999999983
FOLD_1203_WUHAN_ICOHU104_SEED10_MODEL_4,4,0.0,0.0993744008,0.18322702400000002,0.26370173,FOLD_1203_WUHAN_ICOHU104_REC_SEED10_MODEL_4,2,0.0,0.1098779248,0.212822568,0.3310609,-0.029595543999999974
FOLD_1203_WUHAN_ICOHU104_SEED10_MODEL_4,4,0.0,0.1296599,0.243020544,0.345384438,FOLD_1203_WUHAN_ICOHU104_REC_SEED10_MODEL_4,0,0.0,0.150236076,0.287467786,0.422405998,-0.044447242
FOLD_1203_WUHAN_ICOHU104_SEED10_MODEL_4,4,0.0,0.1296599,0.243020544,0.345384438,FOLD_1203_WUHAN_ICOHU104_REC_SEED10_MODEL_4,1,0.0,0.1229239872,0.245372886,0.373938314,-0.0023523420000000073
FOLD_1203_WUHAN_ICOHU104_SEED10_MODEL_4,4,0.0,0.1296599,0.243020544,0.345384438,FOLD_1203_WUHAN_ICOHU104_REC_SEED10_MODEL_4,2,0.0,0.129594723,0.24990652,0.37124505,-0.006885975999999988
FOLD_1203_WUHAN_ICOHU104_SEED10_MODEL_4,4,0.0,0.08514754360000001,0.16224323000000002,0.25036285999999996,FOLD_1203_WUHAN_ICOHU104_REC_SEED10_MODEL_4,0,0.0,0.1219801428,0.242468162,0.385447836,-0.08022493199999997
FOLD_1203_WUHAN_ICOHU104_SEED10_MODEL_4,4,0.0,0.08514754360000001,0.16224323000000002,0.25036285999999996,FOLD_1203_WUHAN_ICOHU104_REC_SEED10_MODEL_4,1,0.0,0.0854057456,0.183251248,0.313633388,-0.02100801799999999
FOLD_1203_WUHAN_ICOHU104_SEED10_MODEL_4,4,0.0,0.08514754360000001,0.16224323000000002,0.25036285999999996,FOLD_1203_WUHAN_ICOHU104_REC_SEED10_MODEL_4,2,0.0,0.101742008,0.206809768,0.34470329,-0.04456653799999999
FOLD_1203_WUHAN_ICOHU104_SEED10_MODEL_4,4,0.0,0.082397853,0.156667445,0.24020174,FOLD_1203_WUHAN_ICOHU104_REC_SEED10_MODEL_4,0,0.0,0.12050214699999999,0.240843628,0.38617022,-0.08417618300000002
FOLD_1203_WUHAN_ICOHU104_SEED10_MODEL_4,4,0.0,0.082397853,0.156667445,0.24020174,FOLD_1203_WUHAN_ICOHU104_REC_SEED10_MODEL_4,1,0.0,0.0825553152,0.177330926,0.306324078,-0.02066348100000001
FOLD_1203_WUHAN_ICOHU104_SEED10_MODEL_4,4,0.0,0.082397853,0.156667445,0.24020174,FOLD_1203_WUHAN_ICOHU104_REC_SEED10_MODEL_4,2,0.0,0.0902907008,0.183860128,0.306567608,-0.027192683000000023
FOLD_1203_WUHAN_ICOHU104_SEED10_MODEL_4,4,0.0,0.15926957000000003,0.24842379,0.382884118,FOLD_1203_WUHAN_ICOHU104_REC_SEED10_MODEL_4,0,0.0,0.191861208,0.296569274,0.450967164,-0.04814548399999999
FOLD_1203_WUHAN_ICOHU104_SEED10_MODEL_4,4,0.0,0.15926957000000003,0.24842379,0.382884118,FOLD_1203_WUHAN_ICOHU104_REC_SEED10_MODEL_4,1,0.0,0.166525054,0.247687188,0.358242006,0.0007366020000000029
FOLD_1203_WUHAN_ICOHU104_SEED10_MODEL_4,4,0.0,0.15926957000000003,0.24842379,0.382884118,FOLD_1203_WUHAN_ICOHU104_REC_SEED10_MODEL_4,2,0.0,0.19377343800000002,0.302720202,0.470793444,-0.05429641199999999
FOLD_1203_WUHAN_ICOHU104_SEED10_MODEL_4,4,0.0,0.13881388,0.22891407800000002,0.352171154,FOLD_1203_WUHAN_ICOHU104_REC_SEED10_MODEL_4,0,0.0,0.298671672,0.386534004,0.498573312,-0.15761992599999997
FOLD_1203_WUHAN_ICOHU104_SEED10_MODEL_4,4,0.0,0.13881388,0.22891407800000002,0.352171154,FOLD_1203_WUHAN_ICOHU104_REC_SEED10_MODEL_4,1,0.0,0.19871436599999998,0.28510145,0.41667031200000004,-0.05618737199999996
FOLD_1203_WUHAN_ICOHU104_SEED10_MODEL_4,4,0.0,0.13881388,0.22891407800000002,0.352171154,FOLD_1203_WUHAN_ICOHU104_REC_SEED10_MODEL_4,2,0.0,0.1521134,0.23279999399999998,0.371984096,-0.0038859159999999615
FOLD_1203_WUHAN_ICOHU104_SEED10_MODEL_4,4,0.0,0.16822242199999998,0.261155094,0.38184908799999995,FOLD_1203_WUHAN_ICOHU104_REC_SEED10_MODEL_4,0,0.0,0.313443504,0.40581386999999997,0.5309861739999999,-0.144658776
FOLD_1203_WUHAN_ICOHU104_SEED10_MODEL_4,4,0.0,0.16822242199999998,0.261155094,0.38184908799999995,FOLD_1203_WUHAN_ICOHU104_REC_SEED10_MODEL_4,1,0.0,0.22938343,0.32686814799999997,0.46774048199999996,-0.06571305399999999
FOLD_1203_WUHAN_ICOHU104_SEED10_MODEL_4,4,0.0,0.16822242199999998,0.261155094,0.38184908799999995,FOLD_1203_WUHAN_ICOHU104_REC_SEED10_MODEL_4,2,0.0,0.16690244599999998,0.253251872,0.383399938,0.007903221999999988
FOLD_1203_WUHAN_ICOHU104_SEED10_MODEL_4,4,0.0,0.174895946,0.27526122599999997,0.41528742,FOLD_1203_WUHAN_ICOHU104_REC_SEED10_MODEL_4,0,0.0,0.331621676,0.423034114,0.547226882,-0.14777288800000005
FOLD_1203_WUHAN_ICOHU104_SEED10_MODEL_4,4,0.0,0.174895946,0.27526122599999997,0.41528742,FOLD_1203_WUHAN_ICOHU104_REC_SEED10_MODEL_4,1,0.0,0.26230399,0.370327848,0.51831761,-0.09506662200000005
FOLD_1203_WUHAN_ICOHU104_SEED10_MODEL_4,4,0.0,0.174895946,0.27526122599999997,0.41528742,FOLD_1203_WUHAN_ICOHU104_REC_SEED10_MODEL_4,2,0.0,0.197409006,0.30176229,0.445809662,-0.02650106400000002
